_id,id_anime,id_genre
ObjectId(5b215fbd31765d2a2ce8b915),5b201da140182d3e18c96f00,5b213caa2fa0bc25e428a6c8
ObjectId(5b215fbc31765d2a2ce8b913),5b201da140182d3e18c96f00,5b213ca92fa0bc25e428a6c6
ObjectId(5b215fbb31765d2a2ce8b911),5b201da140182d3e18c96f00,5b213ca82fa0bc25e428a6c5
ObjectId(5b215fb931765d2a2ce8b90f),5b201da140182d3e18c96f00,5b213ca82fa0bc25e428a6c4
ObjectId(5b215fb631765d2a2ce8b90d),5b201da140182d3e18c96f00,5b213ca72fa0bc25e428a6c3
ObjectId(5b215fc231765d2a2ce8b91b),5b201dc440182d3e18c96f19,5b213cb42fa0bc25e428a6d8
ObjectId(5b215fc431765d2a2ce8b91d),5b201dc440182d3e18c96f19,5b213cb32fa0bc25e428a6d6
ObjectId(5b215fc031765d2a2ce8b917),5b201dc440182d3e18c96f19,5b213ca72fa0bc25e428a6c3
ObjectId(5b215fc131765d2a2ce8b919),5b201dc440182d3e18c96f19,5b213ca72fa0bc25e428a6c3
ObjectId(5b215fca31765d2a2ce8b924),5b201db940182d3e18c96f11,5b213cb22fa0bc25e428a6d4
ObjectId(5b215fc831765d2a2ce8b923),5b201db940182d3e18c96f11,5b213ca82fa0bc25e428a6c5
ObjectId(5b215fc731765d2a2ce8b921),5b201db940182d3e18c96f11,5b213ca82fa0bc25e428a6c4
ObjectId(5b215fc531765d2a2ce8b91f),5b201db940182d3e18c96f11,5b213ca72fa0bc25e428a6c3
ObjectId(5b215fd131765d2a2ce8b92c),5b201dad40182d3e18c96f08,5b213cb22fa0bc25e428a6d4
ObjectId(5b215fcf31765d2a2ce8b92a),5b201dad40182d3e18c96f08,5b213ca82fa0bc25e428a6c5
ObjectId(5b215fce31765d2a2ce8b928),5b201dad40182d3e18c96f08,5b213ca82fa0bc25e428a6c4
ObjectId(5b215fcb31765d2a2ce8b926),5b201dad40182d3e18c96f08,5b213ca72fa0bc25e428a6c3
ObjectId(5b215fd731765d2a2ce8b934),5b201d9f40182d3e18c96efe,5b213cb32fa0bc25e428a6d5
ObjectId(5b215fd531765d2a2ce8b932),5b201d9f40182d3e18c96efe,5b213cb22fa0bc25e428a6d4
ObjectId(5b215fd431765d2a2ce8b930),5b201d9f40182d3e18c96efe,5b213ca82fa0bc25e428a6c4
ObjectId(5b215fd231765d2a2ce8b92e),5b201d9f40182d3e18c96efe,5b213ca72fa0bc25e428a6c3
ObjectId(5b215fdc31765d2a2ce8b93a),5b201dea40182d3e18c96f33,5b213cb42fa0bc25e428a6d8
ObjectId(5b215fdd31765d2a2ce8b93c),5b201dea40182d3e18c96f33,5b213cb12fa0bc25e428a6d3
ObjectId(5b215fd931765d2a2ce8b938),5b201dea40182d3e18c96f33,5b213ca82fa0bc25e428a6c4
ObjectId(5b215fd831765d2a2ce8b936),5b201dea40182d3e18c96f33,5b213ca72fa0bc25e428a6c3
ObjectId(5b215fe131765d2a2ce8b942),5b201e8c40182d3e18c96f91,5b213cb52fa0bc25e428a6d9
ObjectId(5b215fe431765d2a2ce8b946),5b201e8c40182d3e18c96f91,5b213cb02fa0bc25e428a6d2
ObjectId(5b215fe331765d2a2ce8b944),5b201e8c40182d3e18c96f91,5b213cac2fa0bc25e428a6cb
ObjectId(5b215fe031765d2a2ce8b940),5b201e8c40182d3e18c96f91,5b213ca92fa0bc25e428a6c6
ObjectId(5b215fde31765d2a2ce8b93e),5b201e8c40182d3e18c96f91,5b213ca72fa0bc25e428a6c3
ObjectId(5b215fe831765d2a2ce8b94b),5b201d8d40182d3e18c96ef2,5b213cb22fa0bc25e428a6d4
ObjectId(5b215fea31765d2a2ce8b94d),5b201d8d40182d3e18c96ef2,5b213cab2fa0bc25e428a6c9
ObjectId(5b215fe731765d2a2ce8b949),5b201d8d40182d3e18c96ef2,5b213ca82fa0bc25e428a6c5
ObjectId(5b215fe631765d2a2ce8b947),5b201d8d40182d3e18c96ef2,5b213ca82fa0bc25e428a6c4
ObjectId(5b215ff231765d2a2ce8b957),5b201e5f40182d3e18c96f7d,5b213cb42fa0bc25e428a6d7
ObjectId(5b215ff031765d2a2ce8b955),5b201e5f40182d3e18c96f7d,5b213cae2fa0bc25e428a6ce
ObjectId(5b215fee31765d2a2ce8b953),5b201e5f40182d3e18c96f7d,5b213ca82fa0bc25e428a6c5
ObjectId(5b215fed31765d2a2ce8b951),5b201e5f40182d3e18c96f7d,5b213ca82fa0bc25e428a6c4
ObjectId(5b215fec31765d2a2ce8b94f),5b201e5f40182d3e18c96f7d,5b213ca72fa0bc25e428a6c3
ObjectId(5b215ff631765d2a2ce8b95d),5b201e5c40182d3e18c96f7c,5b213cb42fa0bc25e428a6d7
ObjectId(5b215ff831765d2a2ce8b95f),5b201e5c40182d3e18c96f7c,5b213cad2fa0bc25e428a6cd
ObjectId(5b215ff931765d2a2ce8b961),5b201e5c40182d3e18c96f7c,5b213cab2fa0bc25e428a6c9
ObjectId(5b215ff431765d2a2ce8b95b),5b201e5c40182d3e18c96f7c,5b213ca82fa0bc25e428a6c5
ObjectId(5b215ff331765d2a2ce8b959),5b201e5c40182d3e18c96f7c,5b213ca72fa0bc25e428a6c3
ObjectId(5b215ffd31765d2a2ce8b966),5b201e6a40182d3e18c96f83,5b213cb42fa0bc25e428a6d8
ObjectId(5b215ffb31765d2a2ce8b963),5b201e6a40182d3e18c96f83,5b213cae2fa0bc25e428a6cf
ObjectId(5b215ffc31765d2a2ce8b965),5b201e6a40182d3e18c96f83,5b213cad2fa0bc25e428a6cd
ObjectId(5b215fff31765d2a2ce8b968),5b201e5940182d3e18c96f7b,5b213cb42fa0bc25e428a6d7
ObjectId(5b21600231765d2a2ce8b96c),5b201e5940182d3e18c96f7b,5b213caf2fa0bc25e428a6d0
ObjectId(5b21600031765d2a2ce8b96a),5b201e5940182d3e18c96f7b,5b213cad2fa0bc25e428a6cd
ObjectId(5b21600431765d2a2ce8b970),5b201e2240182d3e18c96f58,5b213caf2fa0bc25e428a6d0
ObjectId(5b21600331765d2a2ce8b96e),5b201e2240182d3e18c96f58,5b213ca82fa0bc25e428a6c5
ObjectId(5b21600831765d2a2ce8b974),5b201e2340182d3e18c96f59,5b213caf2fa0bc25e428a6d0
ObjectId(5b21600631765d2a2ce8b972),5b201e2340182d3e18c96f59,5b213ca82fa0bc25e428a6c5
ObjectId(5b21600e31765d2a2ce8b97b),5b201e2640182d3e18c96f5b,5b213cb42fa0bc25e428a6d8
ObjectId(5b21600a31765d2a2ce8b978),5b201e2640182d3e18c96f5b,5b213cb42fa0bc25e428a6d7
ObjectId(5b21600c31765d2a2ce8b97a),5b201e2640182d3e18c96f5b,5b213cad2fa0bc25e428a6cd
ObjectId(5b21600931765d2a2ce8b976),5b201e2640182d3e18c96f5b,5b213ca82fa0bc25e428a6c5
ObjectId(5b21601031765d2a2ce8b97f),5b201e4640182d3e18c96f72,5b213cb42fa0bc25e428a6d7
ObjectId(5b21601231765d2a2ce8b981),5b201e4640182d3e18c96f72,5b213cad2fa0bc25e428a6cd
ObjectId(5b21601331765d2a2ce8b983),5b201e4640182d3e18c96f72,5b213caa2fa0bc25e428a6c8
ObjectId(5b21600f31765d2a2ce8b97d),5b201e4640182d3e18c96f72,5b213ca92fa0bc25e428a6c6
ObjectId(5b21601831765d2a2ce8b989),5b201e4c40182d3e18c96f75,5b213cb22fa0bc25e428a6d4
ObjectId(5b21601931765d2a2ce8b98b),5b201e4c40182d3e18c96f75,5b213cab2fa0bc25e428a6c9
ObjectId(5b21601631765d2a2ce8b987),5b201e4c40182d3e18c96f75,5b213ca82fa0bc25e428a6c4
ObjectId(5b21601531765d2a2ce8b985),5b201e4c40182d3e18c96f75,5b213ca72fa0bc25e428a6c3
ObjectId(5b21601e31765d2a2ce8b991),5b201d7040182d3e18c96edc,5b213cb22fa0bc25e428a6d4
ObjectId(5b21601c31765d2a2ce8b98f),5b201d7040182d3e18c96edc,5b213ca82fa0bc25e428a6c4
ObjectId(5b21601b31765d2a2ce8b98d),5b201d7040182d3e18c96edc,5b213ca72fa0bc25e428a6c3
ObjectId(5b21602031765d2a2ce8b995),5b201d9740182d3e18c96ef9,5b213cb02fa0bc25e428a6d2
ObjectId(5b21602431765d2a2ce8b998),5b201d9740182d3e18c96ef9,5b213cad2fa0bc25e428a6cc
ObjectId(5b21602231765d2a2ce8b997),5b201d9740182d3e18c96ef9,5b213caa2fa0bc25e428a6c8
ObjectId(5b21601f31765d2a2ce8b993),5b201d9740182d3e18c96ef9,5b213ca72fa0bc25e428a6c3
ObjectId(5b21602731765d2a2ce8b99e),5b201d9d40182d3e18c96efd,5b213cb12fa0bc25e428a6d3
ObjectId(5b21602631765d2a2ce8b99c),5b201d9d40182d3e18c96efd,5b213cad2fa0bc25e428a6cd
ObjectId(5b21602531765d2a2ce8b99a),5b201d9d40182d3e18c96efd,5b213ca92fa0bc25e428a6c6
ObjectId(5b21602c31765d2a2ce8b9a4),5b201d6a40182d3e18c96ed7,5b213cae2fa0bc25e428a6ce
ObjectId(5b21602b31765d2a2ce8b9a2),5b201d6a40182d3e18c96ed7,5b213ca92fa0bc25e428a6c6
ObjectId(5b21602931765d2a2ce8b9a0),5b201d6a40182d3e18c96ed7,5b213ca72fa0bc25e428a6c3
ObjectId(5b21603131765d2a2ce8b9aa),5b201da440182d3e18c96f02,5b213cb42fa0bc25e428a6d7
ObjectId(5b21602f31765d2a2ce8b9a8),5b201da440182d3e18c96f02,5b213cb32fa0bc25e428a6d5
ObjectId(5b21603231765d2a2ce8b9ac),5b201da440182d3e18c96f02,5b213cad2fa0bc25e428a6cd
ObjectId(5b21603331765d2a2ce8b9ae),5b201da440182d3e18c96f02,5b213caa2fa0bc25e428a6c8
ObjectId(5b21602d31765d2a2ce8b9a6),5b201da440182d3e18c96f02,5b213ca82fa0bc25e428a6c5
ObjectId(5b21603731765d2a2ce8b9b1),5b201db640182d3e18c96f0f,5b213cb22fa0bc25e428a6d4
ObjectId(5b21603931765d2a2ce8b9b3),5b201db640182d3e18c96f0f,5b213caa2fa0bc25e428a6c8
ObjectId(5b21603531765d2a2ce8b9af),5b201db640182d3e18c96f0f,5b213ca72fa0bc25e428a6c3
ObjectId(5b21604031765d2a2ce8b9bd),5b201e2d40182d3e18c96f60,5b213cb42fa0bc25e428a6d8
ObjectId(5b21603f31765d2a2ce8b9bb),5b201e2d40182d3e18c96f60,5b213cb22fa0bc25e428a6d4
ObjectId(5b21604131765d2a2ce8b9bf),5b201e2d40182d3e18c96f60,5b213cb12fa0bc25e428a6d3
ObjectId(5b21603d31765d2a2ce8b9b9),5b201e2d40182d3e18c96f60,5b213ca82fa0bc25e428a6c5
ObjectId(5b21603b31765d2a2ce8b9b7),5b201e2d40182d3e18c96f60,5b213ca82fa0bc25e428a6c4
ObjectId(5b21603a31765d2a2ce8b9b5),5b201e2d40182d3e18c96f60,5b213ca72fa0bc25e428a6c3
ObjectId(5b21604831765d2a2ce8b9c7),5b201d8840182d3e18c96eee,5b213cb42fa0bc25e428a6d8
ObjectId(5b21604631765d2a2ce8b9c5),5b201d8840182d3e18c96eee,5b213cb22fa0bc25e428a6d4
ObjectId(5b21604431765d2a2ce8b9c3),5b201d8840182d3e18c96eee,5b213ca82fa0bc25e428a6c5
ObjectId(5b21604331765d2a2ce8b9c1),5b201d8840182d3e18c96eee,5b213ca72fa0bc25e428a6c3
ObjectId(5b21604e31765d2a2ce8b9ce),5b201d8540182d3e18c96eec,5b213cb22fa0bc25e428a6d4
ObjectId(5b21604c31765d2a2ce8b9cc),5b201d8540182d3e18c96eec,5b213ca92fa0bc25e428a6c6
ObjectId(5b21604a31765d2a2ce8b9cb),5b201d8540182d3e18c96eec,5b213ca82fa0bc25e428a6c4
ObjectId(5b21604931765d2a2ce8b9c9),5b201d8540182d3e18c96eec,5b213ca72fa0bc25e428a6c3
ObjectId(5b21605031765d2a2ce8b9d2),5b201dd640182d3e18c96f25,5b213cb22fa0bc25e428a6d4
ObjectId(5b21605131765d2a2ce8b9d4),5b201dd640182d3e18c96f25,5b213caa2fa0bc25e428a6c8
ObjectId(5b21604f31765d2a2ce8b9d0),5b201dd640182d3e18c96f25,5b213ca72fa0bc25e428a6c3
ObjectId(5b21605931765d2a2ce8b9de),5b201dd340182d3e18c96f23,5b213cb42fa0bc25e428a6d8
ObjectId(5b21605631765d2a2ce8b9da),5b201dd340182d3e18c96f23,5b213cae2fa0bc25e428a6ce
ObjectId(5b21605831765d2a2ce8b9dc),5b201dd340182d3e18c96f23,5b213caa2fa0bc25e428a6c8
ObjectId(5b21605531765d2a2ce8b9d8),5b201dd340182d3e18c96f23,5b213ca82fa0bc25e428a6c5
ObjectId(5b21605331765d2a2ce8b9d6),5b201dd340182d3e18c96f23,5b213ca72fa0bc25e428a6c3
ObjectId(5b21605e31765d2a2ce8b9e4),5b201d9640182d3e18c96ef8,5b213cb62fa0bc25e428a6da
ObjectId(5b21605f31765d2a2ce8b9e6),5b201d9640182d3e18c96ef8,5b213cb42fa0bc25e428a6d8
ObjectId(5b21606031765d2a2ce8b9e7),5b201d9640182d3e18c96ef8,5b213cb12fa0bc25e428a6d3
ObjectId(5b21605d31765d2a2ce8b9e2),5b201d9640182d3e18c96ef8,5b213ca82fa0bc25e428a6c5
ObjectId(5b21605b31765d2a2ce8b9e0),5b201d9640182d3e18c96ef8,5b213ca72fa0bc25e428a6c3
ObjectId(5b21606831765d2a2ce8b9f1),5b201dc640182d3e18c96f1a,5b213cb42fa0bc25e428a6d8
ObjectId(5b21606731765d2a2ce8b9ef),5b201dc640182d3e18c96f1a,5b213cb22fa0bc25e428a6d4
ObjectId(5b21606531765d2a2ce8b9ed),5b201dc640182d3e18c96f1a,5b213ca82fa0bc25e428a6c5
ObjectId(5b21606431765d2a2ce8b9eb),5b201dc640182d3e18c96f1a,5b213ca82fa0bc25e428a6c4
ObjectId(5b21606231765d2a2ce8b9e9),5b201dc640182d3e18c96f1a,5b213ca72fa0bc25e428a6c3
ObjectId(5b21606b31765d2a2ce8b9f5),5b201e0940182d3e18c96f49,5b213cb42fa0bc25e428a6d8
ObjectId(5b21606d31765d2a2ce8b9f7),5b201e0940182d3e18c96f49,5b213cb32fa0bc25e428a6d6
ObjectId(5b21606931765d2a2ce8b9f3),5b201e0940182d3e18c96f49,5b213cad2fa0bc25e428a6cd
ObjectId(5b21607131765d2a2ce8b9fd),5b201e7d40182d3e18c96f8c,5b213cb62fa0bc25e428a6da
ObjectId(5b21607431765d2a2ce8ba01),5b201e7d40182d3e18c96f8c,5b213cb12fa0bc25e428a6d3
ObjectId(5b21607331765d2a2ce8b9ff),5b201e7d40182d3e18c96f8c,5b213cac2fa0bc25e428a6cb
ObjectId(5b21607631765d2a2ce8ba02),5b201e7d40182d3e18c96f8c,5b213cab2fa0bc25e428a6c9
ObjectId(5b21606f31765d2a2ce8b9fb),5b201e7d40182d3e18c96f8c,5b213ca82fa0bc25e428a6c5
ObjectId(5b21606e31765d2a2ce8b9f9),5b201e7d40182d3e18c96f8c,5b213ca72fa0bc25e428a6c3
ObjectId(5b21607831765d2a2ce8ba06),5b201d8640182d3e18c96eed,5b213cac2fa0bc25e428a6cb
ObjectId(5b21607a31765d2a2ce8ba08),5b201d8640182d3e18c96eed,5b213caa2fa0bc25e428a6c8
ObjectId(5b21607731765d2a2ce8ba04),5b201d8640182d3e18c96eed,5b213ca72fa0bc25e428a6c3
ObjectId(5b21608131765d2a2ce8ba10),5b201d8a40182d3e18c96eef,5b213cb62fa0bc25e428a6da
ObjectId(5b21607e31765d2a2ce8ba0e),5b201d8a40182d3e18c96eef,5b213cb22fa0bc25e428a6d4
ObjectId(5b21607d31765d2a2ce8ba0c),5b201d8a40182d3e18c96eef,5b213ca82fa0bc25e428a6c4
ObjectId(5b21607c31765d2a2ce8ba0a),5b201d8a40182d3e18c96eef,5b213ca72fa0bc25e428a6c3
ObjectId(5b21608631765d2a2ce8ba18),5b201e1b40182d3e18c96f53,5b213cb42fa0bc25e428a6d8
ObjectId(5b21608531765d2a2ce8ba16),5b201e1b40182d3e18c96f53,5b213cae2fa0bc25e428a6cf
ObjectId(5b21608831765d2a2ce8ba1a),5b201e1b40182d3e18c96f53,5b213cab2fa0bc25e428a6c9
ObjectId(5b21608431765d2a2ce8ba14),5b201e1b40182d3e18c96f53,5b213ca82fa0bc25e428a6c4
ObjectId(5b21608231765d2a2ce8ba12),5b201e1b40182d3e18c96f53,5b213ca72fa0bc25e428a6c3
ObjectId(5b21608c31765d2a2ce8ba20),5b201e9140182d3e18c96f93,5b213cb52fa0bc25e428a6d9
ObjectId(5b21608f31765d2a2ce8ba24),5b201e9140182d3e18c96f93,5b213cb02fa0bc25e428a6d2
ObjectId(5b21608d31765d2a2ce8ba22),5b201e9140182d3e18c96f93,5b213cac2fa0bc25e428a6cb
ObjectId(5b21609131765d2a2ce8ba25),5b201e9140182d3e18c96f93,5b213cab2fa0bc25e428a6c9
ObjectId(5b21608b31765d2a2ce8ba1e),5b201e9140182d3e18c96f93,5b213ca82fa0bc25e428a6c5
ObjectId(5b21608931765d2a2ce8ba1c),5b201e9140182d3e18c96f93,5b213ca72fa0bc25e428a6c3
ObjectId(5b21609331765d2a2ce8ba29),5b201e7340182d3e18c96f87,5b213cab2fa0bc25e428a6ca
ObjectId(5b21609231765d2a2ce8ba27),5b201e7340182d3e18c96f87,5b213caa2fa0bc25e428a6c8
ObjectId(5b21609931765d2a2ce8ba31),5b201da940182d3e18c96f06,5b213cb42fa0bc25e428a6d8
ObjectId(5b21609831765d2a2ce8ba2f),5b201da940182d3e18c96f06,5b213cac2fa0bc25e428a6cb
ObjectId(5b21609731765d2a2ce8ba2d),5b201da940182d3e18c96f06,5b213ca82fa0bc25e428a6c5
ObjectId(5b21609531765d2a2ce8ba2b),5b201da940182d3e18c96f06,5b213ca82fa0bc25e428a6c4
ObjectId(5b21609c31765d2a2ce8ba35),5b201df240182d3e18c96f39,5b213cae2fa0bc25e428a6ce
ObjectId(5b21609b31765d2a2ce8ba33),5b201df240182d3e18c96f39,5b213ca92fa0bc25e428a6c6
ObjectId(5b2160a231765d2a2ce8ba3d),5b201e7540182d3e18c96f88,5b213cb42fa0bc25e428a6d7
ObjectId(5b2160a131765d2a2ce8ba3b),5b201e7540182d3e18c96f88,5b213cb22fa0bc25e428a6d4
ObjectId(5b21609f31765d2a2ce8ba39),5b201e7540182d3e18c96f88,5b213ca82fa0bc25e428a6c4
ObjectId(5b21609e31765d2a2ce8ba37),5b201e7540182d3e18c96f88,5b213ca72fa0bc25e428a6c3
ObjectId(5b2160a731765d2a2ce8ba42),5b201dd140182d3e18c96f22,5b213cb42fa0bc25e428a6d8
ObjectId(5b2160a631765d2a2ce8ba40),5b201dd140182d3e18c96f22,5b213ca92fa0bc25e428a6c6
ObjectId(5b2160a431765d2a2ce8ba3e),5b201dd140182d3e18c96f22,5b213ca72fa0bc25e428a6c3
ObjectId(5b2160ab31765d2a2ce8ba48),5b201da040182d3e18c96eff,5b213cb42fa0bc25e428a6d8
ObjectId(5b2160aa31765d2a2ce8ba46),5b201da040182d3e18c96eff,5b213caa2fa0bc25e428a6c8
ObjectId(5b2160a831765d2a2ce8ba44),5b201da040182d3e18c96eff,5b213ca72fa0bc25e428a6c3
ObjectId(5b2160b031765d2a2ce8ba4e),5b201df340182d3e18c96f3a,5b213cb42fa0bc25e428a6d8
ObjectId(5b2160ae31765d2a2ce8ba4c),5b201df340182d3e18c96f3a,5b213ca82fa0bc25e428a6c4
ObjectId(5b2160ad31765d2a2ce8ba4a),5b201df340182d3e18c96f3a,5b213ca72fa0bc25e428a6c3
ObjectId(5b2160b631765d2a2ce8ba56),5b201e0a40182d3e18c96f4a,5b213cb42fa0bc25e428a6d8
ObjectId(5b2160b431765d2a2ce8ba54),5b201e0a40182d3e18c96f4a,5b213cb22fa0bc25e428a6d4
ObjectId(5b2160b331765d2a2ce8ba52),5b201e0a40182d3e18c96f4a,5b213ca82fa0bc25e428a6c4
ObjectId(5b2160b131765d2a2ce8ba50),5b201e0a40182d3e18c96f4a,5b213ca72fa0bc25e428a6c3
ObjectId(5b2160bc31765d2a2ce8ba5d),5b201e0c40182d3e18c96f4b,5b213cb42fa0bc25e428a6d8
ObjectId(5b2160ba31765d2a2ce8ba5b),5b201e0c40182d3e18c96f4b,5b213cb22fa0bc25e428a6d4
ObjectId(5b2160b831765d2a2ce8ba59),5b201e0c40182d3e18c96f4b,5b213ca82fa0bc25e428a6c4
ObjectId(5b2160b731765d2a2ce8ba57),5b201e0c40182d3e18c96f4b,5b213ca72fa0bc25e428a6c3
ObjectId(5b2160bf31765d2a2ce8ba61),5b201e1140182d3e18c96f4f,5b213cb52fa0bc25e428a6d9
ObjectId(5b2160c331765d2a2ce8ba65),5b201e1140182d3e18c96f4f,5b213cb02fa0bc25e428a6d2
ObjectId(5b2160c131765d2a2ce8ba63),5b201e1140182d3e18c96f4f,5b213cac2fa0bc25e428a6cb
ObjectId(5b2160be31765d2a2ce8ba5f),5b201e1140182d3e18c96f4f,5b213ca92fa0bc25e428a6c6
ObjectId(5b2160c831765d2a2ce8ba6d),5b201e2940182d3e18c96f5d,5b213cb22fa0bc25e428a6d4
ObjectId(5b2160c731765d2a2ce8ba6b),5b201e2940182d3e18c96f5d,5b213cae2fa0bc25e428a6cf
ObjectId(5b2160ca31765d2a2ce8ba6f),5b201e2940182d3e18c96f5d,5b213cab2fa0bc25e428a6c9
ObjectId(5b2160c631765d2a2ce8ba69),5b201e2940182d3e18c96f5d,5b213ca82fa0bc25e428a6c5
ObjectId(5b2160c431765d2a2ce8ba67),5b201e2940182d3e18c96f5d,5b213ca82fa0bc25e428a6c4
ObjectId(5b2160ce31765d2a2ce8ba75),5b201e2c40182d3e18c96f5f,5b213cb42fa0bc25e428a6d8
ObjectId(5b2160d031765d2a2ce8ba77),5b201e2c40182d3e18c96f5f,5b213cab2fa0bc25e428a6c9
ObjectId(5b2160cd31765d2a2ce8ba73),5b201e2c40182d3e18c96f5f,5b213ca82fa0bc25e428a6c4
ObjectId(5b2160cc31765d2a2ce8ba71),5b201e2c40182d3e18c96f5f,5b213ca72fa0bc25e428a6c3
ObjectId(5b2160d531765d2a2ce8ba7d),5b201e5140182d3e18c96f77,5b213cb42fa0bc25e428a6d8
ObjectId(5b2160d631765d2a2ce8ba7e),5b201e5140182d3e18c96f77,5b213cab2fa0bc25e428a6c9
ObjectId(5b2160d331765d2a2ce8ba7b),5b201e5140182d3e18c96f77,5b213ca92fa0bc25e428a6c6
ObjectId(5b2160d231765d2a2ce8ba79),5b201e5140182d3e18c96f77,5b213ca72fa0bc25e428a6c3
ObjectId(5b2160d931765d2a2ce8ba82),5b201e9540182d3e18c96f96,5b213cb22fa0bc25e428a6d4
ObjectId(5b2160d731765d2a2ce8ba80),5b201e9540182d3e18c96f96,5b213ca92fa0bc25e428a6c6
ObjectId(5b2160dc31765d2a2ce8ba86),5b201d9b40182d3e18c96efc,5b213cb42fa0bc25e428a6d8
ObjectId(5b2160dd31765d2a2ce8ba88),5b201d9b40182d3e18c96efc,5b213cb32fa0bc25e428a6d6
ObjectId(5b2160db31765d2a2ce8ba84),5b201d9b40182d3e18c96efc,5b213ca72fa0bc25e428a6c3
ObjectId(5b2160e531765d2a2ce8ba92),5b201d6b40182d3e18c96ed8,5b213cb42fa0bc25e428a6d8
ObjectId(5b2160e131765d2a2ce8ba8c),5b201d6b40182d3e18c96ed8,5b213cb42fa0bc25e428a6d7
ObjectId(5b2160e231765d2a2ce8ba8e),5b201d6b40182d3e18c96ed8,5b213cad2fa0bc25e428a6cd
ObjectId(5b2160e431765d2a2ce8ba90),5b201d6b40182d3e18c96ed8,5b213caa2fa0bc25e428a6c8
ObjectId(5b2160df31765d2a2ce8ba8a),5b201d6b40182d3e18c96ed8,5b213ca72fa0bc25e428a6c3
ObjectId(5b2160e831765d2a2ce8ba96),5b201d6d40182d3e18c96eda,5b213cb52fa0bc25e428a6d9
ObjectId(5b2160eb31765d2a2ce8ba99),5b201d6d40182d3e18c96eda,5b213cb42fa0bc25e428a6d8
ObjectId(5b2160e931765d2a2ce8ba97),5b201d6d40182d3e18c96eda,5b213cac2fa0bc25e428a6cb
ObjectId(5b2160ec31765d2a2ce8ba9b),5b201d6d40182d3e18c96eda,5b213cab2fa0bc25e428a6c9
ObjectId(5b2160e731765d2a2ce8ba94),5b201d6d40182d3e18c96eda,5b213ca82fa0bc25e428a6c4
ObjectId(5b2160f131765d2a2ce8baa1),5b201d7d40182d3e18c96ee6,5b213cb42fa0bc25e428a6d7
ObjectId(5b2160f531765d2a2ce8baa5),5b201d7d40182d3e18c96ee6,5b213caf2fa0bc25e428a6d0
ObjectId(5b2160f231765d2a2ce8baa3),5b201d7d40182d3e18c96ee6,5b213cad2fa0bc25e428a6cd
ObjectId(5b2160ef31765d2a2ce8ba9f),5b201d7d40182d3e18c96ee6,5b213ca92fa0bc25e428a6c6
ObjectId(5b2160ee31765d2a2ce8ba9d),5b201d7d40182d3e18c96ee6,5b213ca82fa0bc25e428a6c5
ObjectId(5b2160f931765d2a2ce8baab),5b201d8040182d3e18c96ee8,5b213cb42fa0bc25e428a6d8
ObjectId(5b2160f831765d2a2ce8baa9),5b201d8040182d3e18c96ee8,5b213ca82fa0bc25e428a6c5
ObjectId(5b2160f631765d2a2ce8baa7),5b201d8040182d3e18c96ee8,5b213ca72fa0bc25e428a6c3
ObjectId(5b2160fd31765d2a2ce8bab0),5b201d8340182d3e18c96eea,5b213cb42fa0bc25e428a6d8
ObjectId(5b2160ff31765d2a2ce8bab2),5b201d8340182d3e18c96eea,5b213cb32fa0bc25e428a6d6
ObjectId(5b2160fc31765d2a2ce8baae),5b201d8340182d3e18c96eea,5b213cad2fa0bc25e428a6cd
ObjectId(5b2160fa31765d2a2ce8baac),5b201d8340182d3e18c96eea,5b213ca82fa0bc25e428a6c5
ObjectId(5b21610531765d2a2ce8baba),5b201d6c40182d3e18c96ed9,5b213cb42fa0bc25e428a6d8
ObjectId(5b21610231765d2a2ce8bab6),5b201d6c40182d3e18c96ed9,5b213cb42fa0bc25e428a6d7
ObjectId(5b21610331765d2a2ce8bab8),5b201d6c40182d3e18c96ed9,5b213cb32fa0bc25e428a6d6
ObjectId(5b21610131765d2a2ce8bab4),5b201d6c40182d3e18c96ed9,5b213ca82fa0bc25e428a6c5
ObjectId(5b21610b31765d2a2ce8bac2),5b201d7140182d3e18c96edd,5b213cb42fa0bc25e428a6d7
ObjectId(5b21610a31765d2a2ce8bac0),5b201d7140182d3e18c96edd,5b213cb22fa0bc25e428a6d4
ObjectId(5b21610831765d2a2ce8babe),5b201d7140182d3e18c96edd,5b213ca82fa0bc25e428a6c5
ObjectId(5b21610731765d2a2ce8babc),5b201d7140182d3e18c96edd,5b213ca72fa0bc25e428a6c3
ObjectId(5b21610f31765d2a2ce8bac6),5b201d7240182d3e18c96ede,5b213cb32fa0bc25e428a6d5
ObjectId(5b21611031765d2a2ce8bac8),5b201d7240182d3e18c96ede,5b213caa2fa0bc25e428a6c8
ObjectId(5b21610d31765d2a2ce8bac4),5b201d7240182d3e18c96ede,5b213ca72fa0bc25e428a6c3
ObjectId(5b21611231765d2a2ce8bacc),5b201d7540182d3e18c96ee0,5b213cb42fa0bc25e428a6d8
ObjectId(5b21611431765d2a2ce8bacd),5b201d7540182d3e18c96ee0,5b213cb32fa0bc25e428a6d6
ObjectId(5b21611131765d2a2ce8baca),5b201d7540182d3e18c96ee0,5b213cad2fa0bc25e428a6cd
ObjectId(5b21611731765d2a2ce8bad1),5b201d7840182d3e18c96ee2,5b213cb62fa0bc25e428a6db
ObjectId(5b21611631765d2a2ce8bacf),5b201d7840182d3e18c96ee2,5b213ca82fa0bc25e428a6c5
ObjectId(5b21611a31765d2a2ce8bad5),5b201d8140182d3e18c96ee9,5b213cb42fa0bc25e428a6d7
ObjectId(5b21611931765d2a2ce8bad3),5b201d8140182d3e18c96ee9,5b213ca72fa0bc25e428a6c3
ObjectId(5b21612131765d2a2ce8badf),5b201d8440182d3e18c96eeb,5b213cb42fa0bc25e428a6d8
ObjectId(5b21611f31765d2a2ce8badb),5b201d8440182d3e18c96eeb,5b213cb42fa0bc25e428a6d7
ObjectId(5b21612031765d2a2ce8badd),5b201d8440182d3e18c96eeb,5b213cad2fa0bc25e428a6cd
ObjectId(5b21611d31765d2a2ce8bad9),5b201d8440182d3e18c96eeb,5b213ca92fa0bc25e428a6c6
ObjectId(5b21611c31765d2a2ce8bad7),5b201d8440182d3e18c96eeb,5b213ca82fa0bc25e428a6c5
ObjectId(5b21612531765d2a2ce8bae3),5b201d8f40182d3e18c96ef3,5b213cb42fa0bc25e428a6d8
ObjectId(5b21612331765d2a2ce8bae1),5b201d8f40182d3e18c96ef3,5b213cb02fa0bc25e428a6d2
ObjectId(5b21612631765d2a2ce8bae5),5b201d8f40182d3e18c96ef3,5b213cab2fa0bc25e428a6c9
ObjectId(5b21612b31765d2a2ce8baea),5b201d8c40182d3e18c96ef1,5b213cb42fa0bc25e428a6d8
ObjectId(5b21612c31765d2a2ce8baec),5b201d8c40182d3e18c96ef1,5b213cab2fa0bc25e428a6c9
ObjectId(5b21612931765d2a2ce8bae9),5b201d8c40182d3e18c96ef1,5b213ca82fa0bc25e428a6c5
ObjectId(5b21612731765d2a2ce8bae7),5b201d8c40182d3e18c96ef1,5b213ca72fa0bc25e428a6c3
ObjectId(5b21613231765d2a2ce8baf4),5b201d9140182d3e18c96ef4,5b213cb42fa0bc25e428a6d8
ObjectId(5b21613331765d2a2ce8baf6),5b201d9140182d3e18c96ef4,5b213cb12fa0bc25e428a6d3
ObjectId(5b21613131765d2a2ce8baf2),5b201d9140182d3e18c96ef4,5b213cad2fa0bc25e428a6cd
ObjectId(5b21612f31765d2a2ce8baf0),5b201d9140182d3e18c96ef4,5b213ca82fa0bc25e428a6c5
ObjectId(5b21612e31765d2a2ce8baee),5b201d9140182d3e18c96ef4,5b213ca72fa0bc25e428a6c3
ObjectId(5b21613531765d2a2ce8baf8),5b201da740182d3e18c96f04,5b213cb22fa0bc25e428a6d4
ObjectId(5b21613731765d2a2ce8bafc),5b201da840182d3e18c96f05,5b213cb02fa0bc25e428a6d2
ObjectId(5b21613631765d2a2ce8bafa),5b201da840182d3e18c96f05,5b213cac2fa0bc25e428a6cb
ObjectId(5b21613a31765d2a2ce8bafe),5b201da240182d3e18c96f01,5b213cb32fa0bc25e428a6d5
ObjectId(5b21613c31765d2a2ce8bb00),5b201da240182d3e18c96f01,5b213caa2fa0bc25e428a6c8
ObjectId(5b21614231765d2a2ce8bb07),5b201dc240182d3e18c96f17,5b213cb12fa0bc25e428a6d3
ObjectId(5b21613e31765d2a2ce8bb04),5b201dc240182d3e18c96f17,5b213cb02fa0bc25e428a6d2
ObjectId(5b21614031765d2a2ce8bb06),5b201dc240182d3e18c96f17,5b213caa2fa0bc25e428a6c8
ObjectId(5b21613d31765d2a2ce8bb02),5b201dc240182d3e18c96f17,5b213ca72fa0bc25e428a6c3
ObjectId(5b21614831765d2a2ce8bb0f),5b201dc340182d3e18c96f18,5b213cb22fa0bc25e428a6d4
ObjectId(5b21614931765d2a2ce8bb11),5b201dc340182d3e18c96f18,5b213cae2fa0bc25e428a6ce
ObjectId(5b21614631765d2a2ce8bb0d),5b201dc340182d3e18c96f18,5b213ca82fa0bc25e428a6c5
ObjectId(5b21614531765d2a2ce8bb0b),5b201dc340182d3e18c96f18,5b213ca82fa0bc25e428a6c4
ObjectId(5b21614331765d2a2ce8bb09),5b201dc340182d3e18c96f18,5b213ca72fa0bc25e428a6c3
ObjectId(5b21614e31765d2a2ce8bb19),5b201dcd40182d3e18c96f1f,5b213cb32fa0bc25e428a6d6
ObjectId(5b21614d31765d2a2ce8bb17),5b201dcd40182d3e18c96f1f,5b213caf2fa0bc25e428a6d0
ObjectId(5b21614c31765d2a2ce8bb15),5b201dcd40182d3e18c96f1f,5b213cad2fa0bc25e428a6cd
ObjectId(5b21614a31765d2a2ce8bb13),5b201dcd40182d3e18c96f1f,5b213ca82fa0bc25e428a6c5
ObjectId(5b21615331765d2a2ce8bb1e),5b201dd040182d3e18c96f21,5b213cb32fa0bc25e428a6d5
ObjectId(5b21615231765d2a2ce8bb1d),5b201dd040182d3e18c96f21,5b213cae2fa0bc25e428a6ce
ObjectId(5b21615031765d2a2ce8bb1b),5b201dd040182d3e18c96f21,5b213ca72fa0bc25e428a6c3
ObjectId(5b21615731765d2a2ce8bb24),5b201dd840182d3e18c96f27,5b213cb42fa0bc25e428a6d8
ObjectId(5b21615631765d2a2ce8bb22),5b201dd840182d3e18c96f27,5b213cb42fa0bc25e428a6d7
ObjectId(5b21615531765d2a2ce8bb20),5b201dd840182d3e18c96f27,5b213ca82fa0bc25e428a6c5
ObjectId(5b21615931765d2a2ce8bb26),5b201dd540182d3e18c96f24,5b213cb42fa0bc25e428a6d7
ObjectId(5b21615b31765d2a2ce8bb28),5b201dd540182d3e18c96f24,5b213caf2fa0bc25e428a6d0
ObjectId(5b21615c31765d2a2ce8bb2a),5b201dd540182d3e18c96f24,5b213cab2fa0bc25e428a6c9
ObjectId(5b21616231765d2a2ce8bb31),5b201dd740182d3e18c96f26,5b213cb42fa0bc25e428a6d8
ObjectId(5b21615f31765d2a2ce8bb2e),5b201dd740182d3e18c96f26,5b213cac2fa0bc25e428a6cb
ObjectId(5b21616131765d2a2ce8bb30),5b201dd740182d3e18c96f26,5b213caa2fa0bc25e428a6c8
ObjectId(5b21615d31765d2a2ce8bb2c),5b201dd740182d3e18c96f26,5b213ca92fa0bc25e428a6c6
ObjectId(5b21616531765d2a2ce8bb35),5b201dda40182d3e18c96f28,5b213cb42fa0bc25e428a6d8
ObjectId(5b21616731765d2a2ce8bb37),5b201dda40182d3e18c96f28,5b213cab2fa0bc25e428a6c9
ObjectId(5b21616431765d2a2ce8bb33),5b201dda40182d3e18c96f28,5b213ca82fa0bc25e428a6c5
ObjectId(5b21616a31765d2a2ce8bb3b),5b201ddb40182d3e18c96f29,5b213cb32fa0bc25e428a6d5
ObjectId(5b21616b31765d2a2ce8bb3d),5b201ddb40182d3e18c96f29,5b213caa2fa0bc25e428a6c8
ObjectId(5b21616931765d2a2ce8bb39),5b201ddb40182d3e18c96f29,5b213ca72fa0bc25e428a6c3
ObjectId(5b21616f31765d2a2ce8bb41),5b201ddd40182d3e18c96f2a,5b213cb32fa0bc25e428a6d5
ObjectId(5b21617031765d2a2ce8bb43),5b201ddd40182d3e18c96f2a,5b213caa2fa0bc25e428a6c8
ObjectId(5b21616d31765d2a2ce8bb3f),5b201ddd40182d3e18c96f2a,5b213ca72fa0bc25e428a6c3
ObjectId(5b21617631765d2a2ce8bb4b),5b201dde40182d3e18c96f2b,5b213cb22fa0bc25e428a6d4
ObjectId(5b21617431765d2a2ce8bb49),5b201dde40182d3e18c96f2b,5b213ca92fa0bc25e428a6c6
ObjectId(5b21617331765d2a2ce8bb47),5b201dde40182d3e18c96f2b,5b213ca82fa0bc25e428a6c4
ObjectId(5b21617231765d2a2ce8bb45),5b201dde40182d3e18c96f2b,5b213ca72fa0bc25e428a6c3
ObjectId(5b21617831765d2a2ce8bb4c),5b201d9940182d3e18c96efa,5b213caa2fa0bc25e428a6c8
ObjectId(5b21617c31765d2a2ce8bb52),5b201d9440182d3e18c96ef7,5b213cb62fa0bc25e428a6da
ObjectId(5b21617e31765d2a2ce8bb54),5b201d9440182d3e18c96ef7,5b213cb42fa0bc25e428a6d8
ObjectId(5b21617f31765d2a2ce8bb56),5b201d9440182d3e18c96ef7,5b213cb12fa0bc25e428a6d3
ObjectId(5b21617a31765d2a2ce8bb50),5b201d9440182d3e18c96ef7,5b213ca82fa0bc25e428a6c4
ObjectId(5b21617931765d2a2ce8bb4e),5b201d9440182d3e18c96ef7,5b213ca72fa0bc25e428a6c3
ObjectId(5b21618631765d2a2ce8bb5e),5b201d9240182d3e18c96ef5,5b213cb42fa0bc25e428a6d8
ObjectId(5b21618731765d2a2ce8bb60),5b201d9240182d3e18c96ef5,5b213cb12fa0bc25e428a6d3
ObjectId(5b21618531765d2a2ce8bb5c),5b201d9240182d3e18c96ef5,5b213cad2fa0bc25e428a6cd
ObjectId(5b21618331765d2a2ce8bb5a),5b201d9240182d3e18c96ef5,5b213ca82fa0bc25e428a6c5
ObjectId(5b21618131765d2a2ce8bb58),5b201d9240182d3e18c96ef5,5b213ca72fa0bc25e428a6c3
ObjectId(5b21618e31765d2a2ce8bb67),5b201d9340182d3e18c96ef6,5b213cb42fa0bc25e428a6d8
ObjectId(5b21618f31765d2a2ce8bb69),5b201d9340182d3e18c96ef6,5b213cb12fa0bc25e428a6d3
ObjectId(5b21618c31765d2a2ce8bb65),5b201d9340182d3e18c96ef6,5b213cad2fa0bc25e428a6cd
ObjectId(5b21618a31765d2a2ce8bb63),5b201d9340182d3e18c96ef6,5b213ca82fa0bc25e428a6c5
ObjectId(5b21618931765d2a2ce8bb61),5b201d9340182d3e18c96ef6,5b213ca72fa0bc25e428a6c3
ObjectId(5b21619231765d2a2ce8bb6d),5b201d9a40182d3e18c96efb,5b213cad2fa0bc25e428a6cc
ObjectId(5b21619031765d2a2ce8bb6b),5b201d9a40182d3e18c96efb,5b213cac2fa0bc25e428a6cb
ObjectId(5b21619431765d2a2ce8bb6f),5b201d9a40182d3e18c96efb,5b213cab2fa0bc25e428a6c9
ObjectId(5b21619831765d2a2ce8bb75),5b201d8b40182d3e18c96ef0,5b213cb42fa0bc25e428a6d8
ObjectId(5b21619931765d2a2ce8bb77),5b201d8b40182d3e18c96ef0,5b213cb12fa0bc25e428a6d3
ObjectId(5b21619b31765d2a2ce8bb79),5b201d8b40182d3e18c96ef0,5b213cab2fa0bc25e428a6c9
ObjectId(5b21619631765d2a2ce8bb73),5b201d8b40182d3e18c96ef0,5b213ca82fa0bc25e428a6c5
ObjectId(5b21619531765d2a2ce8bb71),5b201d8b40182d3e18c96ef0,5b213ca72fa0bc25e428a6c3
ObjectId(5b2161a231765d2a2ce8bb80),5b201dae40182d3e18c96f09,5b213ca92fa0bc25e428a6c6
ObjectId(5b21619f31765d2a2ce8bb7e),5b201dae40182d3e18c96f09,5b213ca82fa0bc25e428a6c5
ObjectId(5b21619e31765d2a2ce8bb7c),5b201dae40182d3e18c96f09,5b213ca82fa0bc25e428a6c4
ObjectId(5b21619d31765d2a2ce8bb7a),5b201dae40182d3e18c96f09,5b213ca72fa0bc25e428a6c3
ObjectId(5b2161a731765d2a2ce8bb88),5b201daf40182d3e18c96f0a,5b213ca92fa0bc25e428a6c6
ObjectId(5b2161a631765d2a2ce8bb86),5b201daf40182d3e18c96f0a,5b213ca82fa0bc25e428a6c5
ObjectId(5b2161a431765d2a2ce8bb84),5b201daf40182d3e18c96f0a,5b213ca82fa0bc25e428a6c4
ObjectId(5b2161a331765d2a2ce8bb82),5b201daf40182d3e18c96f0a,5b213ca72fa0bc25e428a6c3
ObjectId(5b2161ad31765d2a2ce8bb90),5b201db040182d3e18c96f0b,5b213ca92fa0bc25e428a6c6
ObjectId(5b2161ac31765d2a2ce8bb8e),5b201db040182d3e18c96f0b,5b213ca82fa0bc25e428a6c5
ObjectId(5b2161aa31765d2a2ce8bb8c),5b201db040182d3e18c96f0b,5b213ca82fa0bc25e428a6c4
ObjectId(5b2161a931765d2a2ce8bb8a),5b201db040182d3e18c96f0b,5b213ca72fa0bc25e428a6c3
ObjectId(5b2161b331765d2a2ce8bb97),5b201db240182d3e18c96f0c,5b213ca92fa0bc25e428a6c6
ObjectId(5b2161b231765d2a2ce8bb96),5b201db240182d3e18c96f0c,5b213ca82fa0bc25e428a6c5
ObjectId(5b2161b131765d2a2ce8bb94),5b201db240182d3e18c96f0c,5b213ca82fa0bc25e428a6c4
ObjectId(5b2161ae31765d2a2ce8bb92),5b201db240182d3e18c96f0c,5b213ca72fa0bc25e428a6c3
ObjectId(5b2161ba31765d2a2ce8bb9f),5b201db440182d3e18c96f0d,5b213ca92fa0bc25e428a6c6
ObjectId(5b2161b831765d2a2ce8bb9d),5b201db440182d3e18c96f0d,5b213ca82fa0bc25e428a6c5
ObjectId(5b2161b631765d2a2ce8bb9b),5b201db440182d3e18c96f0d,5b213ca82fa0bc25e428a6c4
ObjectId(5b2161b531765d2a2ce8bb99),5b201db440182d3e18c96f0d,5b213ca72fa0bc25e428a6c3
ObjectId(5b2161c031765d2a2ce8bba7),5b201db540182d3e18c96f0e,5b213ca92fa0bc25e428a6c6
ObjectId(5b2161be31765d2a2ce8bba5),5b201db540182d3e18c96f0e,5b213ca82fa0bc25e428a6c5
ObjectId(5b2161bc31765d2a2ce8bba3),5b201db540182d3e18c96f0e,5b213ca82fa0bc25e428a6c4
ObjectId(5b2161bb31765d2a2ce8bba1),5b201db540182d3e18c96f0e,5b213ca72fa0bc25e428a6c3
ObjectId(5b2161c831765d2a2ce8bbb0),5b201dc840182d3e18c96f1b,5b213cb42fa0bc25e428a6d8
ObjectId(5b2161c631765d2a2ce8bbae),5b201dc840182d3e18c96f1b,5b213cb22fa0bc25e428a6d4
ObjectId(5b2161c431765d2a2ce8bbad),5b201dc840182d3e18c96f1b,5b213ca82fa0bc25e428a6c5
ObjectId(5b2161c331765d2a2ce8bbab),5b201dc840182d3e18c96f1b,5b213ca82fa0bc25e428a6c4
ObjectId(5b2161c231765d2a2ce8bba9),5b201dc840182d3e18c96f1b,5b213ca72fa0bc25e428a6c3
ObjectId(5b2161ce31765d2a2ce8bbb8),5b201ddf40182d3e18c96f2c,5b213cb42fa0bc25e428a6d8
ObjectId(5b2161d031765d2a2ce8bbba),5b201ddf40182d3e18c96f2c,5b213cb32fa0bc25e428a6d6
ObjectId(5b2161cb31765d2a2ce8bbb6),5b201ddf40182d3e18c96f2c,5b213cad2fa0bc25e428a6cd
ObjectId(5b2161ca31765d2a2ce8bbb4),5b201ddf40182d3e18c96f2c,5b213ca92fa0bc25e428a6c6
ObjectId(5b2161c931765d2a2ce8bbb2),5b201ddf40182d3e18c96f2c,5b213ca82fa0bc25e428a6c5
ObjectId(5b2161d531765d2a2ce8bbc1),5b201de140182d3e18c96f2d,5b213cb42fa0bc25e428a6d8
ObjectId(5b2161d731765d2a2ce8bbc3),5b201de140182d3e18c96f2d,5b213cb32fa0bc25e428a6d6
ObjectId(5b2161d431765d2a2ce8bbc0),5b201de140182d3e18c96f2d,5b213cad2fa0bc25e428a6cd
ObjectId(5b2161d231765d2a2ce8bbbe),5b201de140182d3e18c96f2d,5b213ca92fa0bc25e428a6c6
ObjectId(5b2161d131765d2a2ce8bbbc),5b201de140182d3e18c96f2d,5b213ca82fa0bc25e428a6c5
ObjectId(5b2161d931765d2a2ce8bbc7),5b201de240182d3e18c96f2e,5b213cb22fa0bc25e428a6d4
ObjectId(5b2161db31765d2a2ce8bbc9),5b201de240182d3e18c96f2e,5b213cab2fa0bc25e428a6c9
ObjectId(5b2161d831765d2a2ce8bbc5),5b201de240182d3e18c96f2e,5b213ca72fa0bc25e428a6c3
ObjectId(5b2161de31765d2a2ce8bbcd),5b201de440182d3e18c96f2f,5b213cb42fa0bc25e428a6d8
ObjectId(5b2161e031765d2a2ce8bbcf),5b201de440182d3e18c96f2f,5b213caf2fa0bc25e428a6d0
ObjectId(5b2161dd31765d2a2ce8bbcb),5b201de440182d3e18c96f2f,5b213ca82fa0bc25e428a6c5
ObjectId(5b2161e231765d2a2ce8bbd3),5b201de640182d3e18c96f31,5b213cad2fa0bc25e428a6cd
ObjectId(5b2161e131765d2a2ce8bbd1),5b201de640182d3e18c96f31,5b213ca92fa0bc25e428a6c6
ObjectId(5b2161e531765d2a2ce8bbd5),5b201df140182d3e18c96f38,5b213cb52fa0bc25e428a6d9
ObjectId(5b2161e831765d2a2ce8bbd9),5b201df140182d3e18c96f38,5b213cb02fa0bc25e428a6d2
ObjectId(5b2161e631765d2a2ce8bbd7),5b201df140182d3e18c96f38,5b213cac2fa0bc25e428a6cb
ObjectId(5b2161e931765d2a2ce8bbdb),5b201df140182d3e18c96f38,5b213cab2fa0bc25e428a6c9
ObjectId(5b2161f031765d2a2ce8bbe1),5b201df440182d3e18c96f3b,5b213cb42fa0bc25e428a6d8
ObjectId(5b2161ef31765d2a2ce8bbdf),5b201df440182d3e18c96f3b,5b213ca82fa0bc25e428a6c4
ObjectId(5b2161ee31765d2a2ce8bbdd),5b201df440182d3e18c96f3b,5b213ca72fa0bc25e428a6c3
ObjectId(5b2161f431765d2a2ce8bbe5),5b201df640182d3e18c96f3c,5b213cb12fa0bc25e428a6d3
ObjectId(5b2161f531765d2a2ce8bbe7),5b201df640182d3e18c96f3c,5b213cab2fa0bc25e428a6c9
ObjectId(5b2161f231765d2a2ce8bbe3),5b201df640182d3e18c96f3c,5b213ca72fa0bc25e428a6c3
ObjectId(5b2161f731765d2a2ce8bbeb),5b201df840182d3e18c96f3d,5b213cb12fa0bc25e428a6d3
ObjectId(5b2161f931765d2a2ce8bbed),5b201df840182d3e18c96f3d,5b213cab2fa0bc25e428a6c9
ObjectId(5b2161f631765d2a2ce8bbe9),5b201df840182d3e18c96f3d,5b213ca72fa0bc25e428a6c3
ObjectId(5b2161ff31765d2a2ce8bbf5),5b201df940182d3e18c96f3e,5b213cb42fa0bc25e428a6d8
ObjectId(5b2161fc31765d2a2ce8bbf1),5b201df940182d3e18c96f3e,5b213cb42fa0bc25e428a6d7
ObjectId(5b21620031765d2a2ce8bbf7),5b201df940182d3e18c96f3e,5b213caf2fa0bc25e428a6d0
ObjectId(5b2161fe31765d2a2ce8bbf3),5b201df940182d3e18c96f3e,5b213cad2fa0bc25e428a6cd
ObjectId(5b2161fb31765d2a2ce8bbef),5b201df940182d3e18c96f3e,5b213ca82fa0bc25e428a6c5
ObjectId(5b21620531765d2a2ce8bbfc),5b201dfa40182d3e18c96f3f,5b213cb32fa0bc25e428a6d5
ObjectId(5b21620431765d2a2ce8bbfa),5b201dfa40182d3e18c96f3f,5b213ca92fa0bc25e428a6c6
ObjectId(5b21620231765d2a2ce8bbf8),5b201dfa40182d3e18c96f3f,5b213ca72fa0bc25e428a6c3
ObjectId(5b21620a31765d2a2ce8bc02),5b201dfb40182d3e18c96f40,5b213cb32fa0bc25e428a6d5
ObjectId(5b21620b31765d2a2ce8bc04),5b201dfb40182d3e18c96f40,5b213caa2fa0bc25e428a6c8
ObjectId(5b21620831765d2a2ce8bc00),5b201dfb40182d3e18c96f40,5b213ca92fa0bc25e428a6c6
ObjectId(5b21620731765d2a2ce8bbfe),5b201dfb40182d3e18c96f40,5b213ca72fa0bc25e428a6c3
ObjectId(5b21620e31765d2a2ce8bc08),5b201dfd40182d3e18c96f41,5b213cb42fa0bc25e428a6d7
ObjectId(5b21620f31765d2a2ce8bc0a),5b201dfd40182d3e18c96f41,5b213cad2fa0bc25e428a6cd
ObjectId(5b21620d31765d2a2ce8bc06),5b201dfd40182d3e18c96f41,5b213ca92fa0bc25e428a6c6
ObjectId(5b21621331765d2a2ce8bc0e),5b201dff40182d3e18c96f42,5b213cb42fa0bc25e428a6d8
ObjectId(5b21621231765d2a2ce8bc0c),5b201dff40182d3e18c96f42,5b213cb42fa0bc25e428a6d7
ObjectId(5b21621931765d2a2ce8bc15),5b201e0040182d3e18c96f43,5b213cb42fa0bc25e428a6d8
ObjectId(5b21621731765d2a2ce8bc14),5b201e0040182d3e18c96f43,5b213cb02fa0bc25e428a6d2
ObjectId(5b21621631765d2a2ce8bc12),5b201e0040182d3e18c96f43,5b213cac2fa0bc25e428a6cb
ObjectId(5b21621431765d2a2ce8bc10),5b201e0040182d3e18c96f43,5b213ca92fa0bc25e428a6c6
ObjectId(5b21621f31765d2a2ce8bc1d),5b201e0140182d3e18c96f44,5b213cb42fa0bc25e428a6d7
ObjectId(5b21621e31765d2a2ce8bc1b),5b201e0140182d3e18c96f44,5b213cb22fa0bc25e428a6d4
ObjectId(5b21622131765d2a2ce8bc1f),5b201e0140182d3e18c96f44,5b213cab2fa0bc25e428a6c9
ObjectId(5b21621c31765d2a2ce8bc19),5b201e0140182d3e18c96f44,5b213ca82fa0bc25e428a6c5
ObjectId(5b21621b31765d2a2ce8bc17),5b201e0140182d3e18c96f44,5b213ca82fa0bc25e428a6c4
ObjectId(5b21622731765d2a2ce8bc27),5b201e0240182d3e18c96f45,5b213cb42fa0bc25e428a6d7
ObjectId(5b21622531765d2a2ce8bc25),5b201e0240182d3e18c96f45,5b213cb22fa0bc25e428a6d4
ObjectId(5b21622b31765d2a2ce8bc29),5b201e0240182d3e18c96f45,5b213cab2fa0bc25e428a6c9
ObjectId(5b21622431765d2a2ce8bc23),5b201e0240182d3e18c96f45,5b213ca82fa0bc25e428a6c5
ObjectId(5b21622231765d2a2ce8bc21),5b201e0240182d3e18c96f45,5b213ca82fa0bc25e428a6c4
ObjectId(5b21623131765d2a2ce8bc31),5b201e0440182d3e18c96f46,5b213cb52fa0bc25e428a6d9
ObjectId(5b21622f31765d2a2ce8bc2f),5b201e0440182d3e18c96f46,5b213cb22fa0bc25e428a6d4
ObjectId(5b21622d31765d2a2ce8bc2d),5b201e0440182d3e18c96f46,5b213ca92fa0bc25e428a6c6
ObjectId(5b21622c31765d2a2ce8bc2b),5b201e0440182d3e18c96f46,5b213ca72fa0bc25e428a6c3
ObjectId(5b21623531765d2a2ce8bc36),5b201e0640182d3e18c96f47,5b213cb42fa0bc25e428a6d8
ObjectId(5b21623631765d2a2ce8bc38),5b201e0640182d3e18c96f47,5b213cb32fa0bc25e428a6d6
ObjectId(5b21623431765d2a2ce8bc34),5b201e0640182d3e18c96f47,5b213cad2fa0bc25e428a6cd
ObjectId(5b21623231765d2a2ce8bc33),5b201e0640182d3e18c96f47,5b213ca82fa0bc25e428a6c5
ObjectId(5b21623b31765d2a2ce8bc3e),5b201e0740182d3e18c96f48,5b213cb42fa0bc25e428a6d8
ObjectId(5b21623c31765d2a2ce8bc40),5b201e0740182d3e18c96f48,5b213cb32fa0bc25e428a6d6
ObjectId(5b21623a31765d2a2ce8bc3c),5b201e0740182d3e18c96f48,5b213cad2fa0bc25e428a6cd
ObjectId(5b21623831765d2a2ce8bc3a),5b201e0740182d3e18c96f48,5b213ca82fa0bc25e428a6c5
ObjectId(5b21623e31765d2a2ce8bc42),5b201e0e40182d3e18c96f4d,5b213cb42fa0bc25e428a6d7
ObjectId(5b21624031765d2a2ce8bc44),5b201e0e40182d3e18c96f4d,5b213cad2fa0bc25e428a6cd
ObjectId(5b21624331765d2a2ce8bc47),5b201e0e40182d3e18c96f4d,5b213cab2fa0bc25e428a6c9
ObjectId(5b21624131765d2a2ce8bc46),5b201e0e40182d3e18c96f4d,5b213caa2fa0bc25e428a6c8
ObjectId(5b21624931765d2a2ce8bc4f),5b201e1040182d3e18c96f4e,5b213cb42fa0bc25e428a6d8
ObjectId(5b21624631765d2a2ce8bc4b),5b201e1040182d3e18c96f4e,5b213cb42fa0bc25e428a6d7
ObjectId(5b21624831765d2a2ce8bc4d),5b201e1040182d3e18c96f4e,5b213cad2fa0bc25e428a6cd
ObjectId(5b21624431765d2a2ce8bc49),5b201e1040182d3e18c96f4e,5b213ca82fa0bc25e428a6c5
ObjectId(5b21624e31765d2a2ce8bc55),5b201e1340182d3e18c96f50,5b213cb42fa0bc25e428a6d8
ObjectId(5b21625031765d2a2ce8bc59),5b201e1340182d3e18c96f50,5b213cb32fa0bc25e428a6d6
ObjectId(5b21624f31765d2a2ce8bc57),5b201e1340182d3e18c96f50,5b213caf2fa0bc25e428a6d0
ObjectId(5b21624b31765d2a2ce8bc53),5b201e1340182d3e18c96f50,5b213ca92fa0bc25e428a6c6
ObjectId(5b21624a31765d2a2ce8bc51),5b201e1340182d3e18c96f50,5b213ca72fa0bc25e428a6c3
ObjectId(5b21625531765d2a2ce8bc5e),5b201e1440182d3e18c96f51,5b213cb42fa0bc25e428a6d8
ObjectId(5b21625731765d2a2ce8bc60),5b201e1440182d3e18c96f51,5b213caf2fa0bc25e428a6d0
ObjectId(5b21625831765d2a2ce8bc62),5b201e1440182d3e18c96f51,5b213cab2fa0bc25e428a6c9
ObjectId(5b21625331765d2a2ce8bc5d),5b201e1440182d3e18c96f51,5b213ca82fa0bc25e428a6c5
ObjectId(5b21625231765d2a2ce8bc5b),5b201e1440182d3e18c96f51,5b213ca72fa0bc25e428a6c3
ObjectId(5b21625b31765d2a2ce8bc66),5b201e1a40182d3e18c96f52,5b213cb22fa0bc25e428a6d4
ObjectId(5b21625d31765d2a2ce8bc68),5b201e1a40182d3e18c96f52,5b213cab2fa0bc25e428a6c9
ObjectId(5b21625931765d2a2ce8bc64),5b201e1a40182d3e18c96f52,5b213ca72fa0bc25e428a6c3
ObjectId(5b21626131765d2a2ce8bc6e),5b201e1c40182d3e18c96f54,5b213cb42fa0bc25e428a6d8
ObjectId(5b21626031765d2a2ce8bc6c),5b201e1c40182d3e18c96f54,5b213cb22fa0bc25e428a6d4
ObjectId(5b21626231765d2a2ce8bc70),5b201e1c40182d3e18c96f54,5b213cab2fa0bc25e428a6c9
ObjectId(5b21625e31765d2a2ce8bc6a),5b201e1c40182d3e18c96f54,5b213ca72fa0bc25e428a6c3
ObjectId(5b21626731765d2a2ce8bc76),5b201e1e40182d3e18c96f55,5b213cb62fa0bc25e428a6da
ObjectId(5b21626831765d2a2ce8bc78),5b201e1e40182d3e18c96f55,5b213cb42fa0bc25e428a6d8
ObjectId(5b21626a31765d2a2ce8bc79),5b201e1e40182d3e18c96f55,5b213cb12fa0bc25e428a6d3
ObjectId(5b21626631765d2a2ce8bc74),5b201e1e40182d3e18c96f55,5b213ca82fa0bc25e428a6c5
ObjectId(5b21626431765d2a2ce8bc72),5b201e1e40182d3e18c96f55,5b213ca72fa0bc25e428a6c3
ObjectId(5b21626e31765d2a2ce8bc7d),5b201e2140182d3e18c96f57,5b213cb22fa0bc25e428a6d4
ObjectId(5b21626f31765d2a2ce8bc7f),5b201e2140182d3e18c96f57,5b213caf2fa0bc25e428a6d0
ObjectId(5b21627031765d2a2ce8bc81),5b201e2140182d3e18c96f57,5b213cab2fa0bc25e428a6c9
ObjectId(5b21626c31765d2a2ce8bc7b),5b201e2140182d3e18c96f57,5b213ca92fa0bc25e428a6c6
ObjectId(5b21627431765d2a2ce8bc85),5b201e1f40182d3e18c96f56,5b213cb22fa0bc25e428a6d4
ObjectId(5b21627531765d2a2ce8bc87),5b201e1f40182d3e18c96f56,5b213caf2fa0bc25e428a6d0
ObjectId(5b21627631765d2a2ce8bc89),5b201e1f40182d3e18c96f56,5b213cab2fa0bc25e428a6c9
ObjectId(5b21627231765d2a2ce8bc83),5b201e1f40182d3e18c96f56,5b213ca92fa0bc25e428a6c6
ObjectId(5b21627931765d2a2ce8bc8d),5b201e2540182d3e18c96f5a,5b213caf2fa0bc25e428a6d0
ObjectId(5b21627831765d2a2ce8bc8b),5b201e2540182d3e18c96f5a,5b213ca82fa0bc25e428a6c5
ObjectId(5b21627f31765d2a2ce8bc94),5b201e2840182d3e18c96f5c,5b213cb42fa0bc25e428a6d8
ObjectId(5b21627d31765d2a2ce8bc91),5b201e2840182d3e18c96f5c,5b213cb42fa0bc25e428a6d7
ObjectId(5b21627e31765d2a2ce8bc92),5b201e2840182d3e18c96f5c,5b213cad2fa0bc25e428a6cd
ObjectId(5b21627b31765d2a2ce8bc8f),5b201e2840182d3e18c96f5c,5b213ca82fa0bc25e428a6c5
ObjectId(5b21628531765d2a2ce8bc9a),5b201e2a40182d3e18c96f5e,5b213cb42fa0bc25e428a6d8
ObjectId(5b21628631765d2a2ce8bc9c),5b201e2a40182d3e18c96f5e,5b213caf2fa0bc25e428a6d0
ObjectId(5b21628331765d2a2ce8bc98),5b201e2a40182d3e18c96f5e,5b213cad2fa0bc25e428a6cd
ObjectId(5b21628231765d2a2ce8bc96),5b201e2a40182d3e18c96f5e,5b213ca82fa0bc25e428a6c5
ObjectId(5b21628c31765d2a2ce8bca4),5b201e4140182d3e18c96f6e,5b213cb12fa0bc25e428a6d3
ObjectId(5b21628e31765d2a2ce8bca6),5b201e4140182d3e18c96f6e,5b213cab2fa0bc25e428a6c9
ObjectId(5b21628b31765d2a2ce8bca2),5b201e4140182d3e18c96f6e,5b213caa2fa0bc25e428a6c8
ObjectId(5b21628931765d2a2ce8bca0),5b201e4140182d3e18c96f6e,5b213ca82fa0bc25e428a6c5
ObjectId(5b21628731765d2a2ce8bc9e),5b201e4140182d3e18c96f6e,5b213ca72fa0bc25e428a6c3
ObjectId(5b21629431765d2a2ce8bcad),5b201e4340182d3e18c96f6f,5b213cb12fa0bc25e428a6d3
ObjectId(5b21629531765d2a2ce8bcaf),5b201e4340182d3e18c96f6f,5b213cab2fa0bc25e428a6c9
ObjectId(5b21629231765d2a2ce8bcab),5b201e4340182d3e18c96f6f,5b213caa2fa0bc25e428a6c8
ObjectId(5b21629131765d2a2ce8bcaa),5b201e4340182d3e18c96f6f,5b213ca82fa0bc25e428a6c5
ObjectId(5b21628f31765d2a2ce8bca8),5b201e4340182d3e18c96f6f,5b213ca72fa0bc25e428a6c3
ObjectId(5b21629b31765d2a2ce8bcb7),5b201e4440182d3e18c96f70,5b213cb12fa0bc25e428a6d3
ObjectId(5b21629c31765d2a2ce8bcb9),5b201e4440182d3e18c96f70,5b213cab2fa0bc25e428a6c9
ObjectId(5b21629a31765d2a2ce8bcb5),5b201e4440182d3e18c96f70,5b213caa2fa0bc25e428a6c8
ObjectId(5b21629931765d2a2ce8bcb3),5b201e4440182d3e18c96f70,5b213ca82fa0bc25e428a6c5
ObjectId(5b21629731765d2a2ce8bcb1),5b201e4440182d3e18c96f70,5b213ca72fa0bc25e428a6c3
ObjectId(5b21629f31765d2a2ce8bcbd),5b201e4540182d3e18c96f71,5b213cb42fa0bc25e428a6d7
ObjectId(5b2162a131765d2a2ce8bcbf),5b201e4540182d3e18c96f71,5b213cad2fa0bc25e428a6cd
ObjectId(5b21629e31765d2a2ce8bcbb),5b201e4540182d3e18c96f71,5b213ca82fa0bc25e428a6c5
ObjectId(5b2162a431765d2a2ce8bcc2),5b201e4940182d3e18c96f73,5b213cb42fa0bc25e428a6d7
ObjectId(5b2162a331765d2a2ce8bcc0),5b201e4940182d3e18c96f73,5b213ca82fa0bc25e428a6c5
ObjectId(5b2162a731765d2a2ce8bcc6),5b201e4a40182d3e18c96f74,5b213cb42fa0bc25e428a6d7
ObjectId(5b2162a931765d2a2ce8bcc8),5b201e4a40182d3e18c96f74,5b213cad2fa0bc25e428a6cd
ObjectId(5b2162a631765d2a2ce8bcc4),5b201e4a40182d3e18c96f74,5b213ca82fa0bc25e428a6c5
ObjectId(5b2162ad31765d2a2ce8bcce),5b201e4e40182d3e18c96f76,5b213cb22fa0bc25e428a6d4
ObjectId(5b2162af31765d2a2ce8bcd0),5b201e4e40182d3e18c96f76,5b213cab2fa0bc25e428a6c9
ObjectId(5b2162ac31765d2a2ce8bccc),5b201e4e40182d3e18c96f76,5b213ca82fa0bc25e428a6c4
ObjectId(5b2162aa31765d2a2ce8bcca),5b201e4e40182d3e18c96f76,5b213ca72fa0bc25e428a6c3
ObjectId(5b2162b331765d2a2ce8bcd4),5b201e5340182d3e18c96f78,5b213cb42fa0bc25e428a6d8
ObjectId(5b2162b431765d2a2ce8bcd6),5b201e5340182d3e18c96f78,5b213cab2fa0bc25e428a6c9
ObjectId(5b2162b131765d2a2ce8bcd2),5b201e5340182d3e18c96f78,5b213ca92fa0bc25e428a6c6
ObjectId(5b2162b531765d2a2ce8bcd8),5b201e5540182d3e18c96f79,5b213cb32fa0bc25e428a6d6
ObjectId(5b2162b931765d2a2ce8bcdb),5b201e5740182d3e18c96f7a,5b213cb02fa0bc25e428a6d2
ObjectId(5b2162ba31765d2a2ce8bcdd),5b201e5740182d3e18c96f7a,5b213caa2fa0bc25e428a6c8
ObjectId(5b2162b831765d2a2ce8bcd9),5b201e5740182d3e18c96f7a,5b213ca72fa0bc25e428a6c3
ObjectId(5b2162bd31765d2a2ce8bce1),5b201e6140182d3e18c96f7e,5b213cb42fa0bc25e428a6d7
ObjectId(5b2162bf31765d2a2ce8bce3),5b201e6140182d3e18c96f7e,5b213cad2fa0bc25e428a6cd
ObjectId(5b2162bc31765d2a2ce8bcdf),5b201e6140182d3e18c96f7e,5b213ca92fa0bc25e428a6c6
ObjectId(5b2162c331765d2a2ce8bce9),5b201e6340182d3e18c96f7f,5b213cb42fa0bc25e428a6d8
ObjectId(5b2162c231765d2a2ce8bce7),5b201e6340182d3e18c96f7f,5b213cad2fa0bc25e428a6cd
ObjectId(5b2162c031765d2a2ce8bce5),5b201e6340182d3e18c96f7f,5b213ca82fa0bc25e428a6c5
ObjectId(5b2162ca31765d2a2ce8bcf1),5b201e6440182d3e18c96f80,5b213cb42fa0bc25e428a6d8
ObjectId(5b2162c731765d2a2ce8bced),5b201e6440182d3e18c96f80,5b213cb42fa0bc25e428a6d7
ObjectId(5b2162c831765d2a2ce8bcef),5b201e6440182d3e18c96f80,5b213cad2fa0bc25e428a6cd
ObjectId(5b2162c431765d2a2ce8bceb),5b201e6440182d3e18c96f80,5b213ca92fa0bc25e428a6c6
ObjectId(5b2162d031765d2a2ce8bcf8),5b201e6640182d3e18c96f81,5b213cb42fa0bc25e428a6d8
ObjectId(5b2162cf31765d2a2ce8bcf6),5b201e6640182d3e18c96f81,5b213cb22fa0bc25e428a6d4
ObjectId(5b2162d131765d2a2ce8bcfa),5b201e6640182d3e18c96f81,5b213cb12fa0bc25e428a6d3
ObjectId(5b2162cd31765d2a2ce8bcf4),5b201e6640182d3e18c96f81,5b213ca92fa0bc25e428a6c6
ObjectId(5b2162cb31765d2a2ce8bcf3),5b201e6640182d3e18c96f81,5b213ca72fa0bc25e428a6c3
ObjectId(5b2162d831765d2a2ce8bd02),5b201e6940182d3e18c96f82,5b213cb42fa0bc25e428a6d8
ObjectId(5b2162d531765d2a2ce8bd00),5b201e6940182d3e18c96f82,5b213cb22fa0bc25e428a6d4
ObjectId(5b2162d931765d2a2ce8bd04),5b201e6940182d3e18c96f82,5b213cb12fa0bc25e428a6d3
ObjectId(5b2162d431765d2a2ce8bcfe),5b201e6940182d3e18c96f82,5b213ca92fa0bc25e428a6c6
ObjectId(5b2162d331765d2a2ce8bcfc),5b201e6940182d3e18c96f82,5b213ca72fa0bc25e428a6c3
ObjectId(5b2162dc31765d2a2ce8bd08),5b201e6c40182d3e18c96f84,5b213cb42fa0bc25e428a6d8
ObjectId(5b2162da31765d2a2ce8bd06),5b201e6c40182d3e18c96f84,5b213cad2fa0bc25e428a6cd
ObjectId(5b2162df31765d2a2ce8bd0c),5b201e6e40182d3e18c96f85,5b213cb42fa0bc25e428a6d8
ObjectId(5b2162dd31765d2a2ce8bd0a),5b201e6e40182d3e18c96f85,5b213cad2fa0bc25e428a6cd
ObjectId(5b2162e231765d2a2ce8bd0f),5b201e7140182d3e18c96f86,5b213cae2fa0bc25e428a6ce
ObjectId(5b2162e131765d2a2ce8bd0d),5b201e7140182d3e18c96f86,5b213ca72fa0bc25e428a6c3
ObjectId(5b2162e631765d2a2ce8bd13),5b201e7840182d3e18c96f89,5b213cb22fa0bc25e428a6d4
ObjectId(5b2162e831765d2a2ce8bd15),5b201e7840182d3e18c96f89,5b213caa2fa0bc25e428a6c8
ObjectId(5b2162e431765d2a2ce8bd11),5b201e7840182d3e18c96f89,5b213ca72fa0bc25e428a6c3
ObjectId(5b2162ee31765d2a2ce8bd1d),5b201e7a40182d3e18c96f8a,5b213cb42fa0bc25e428a6d7
ObjectId(5b2162ec31765d2a2ce8bd1b),5b201e7a40182d3e18c96f8a,5b213cb22fa0bc25e428a6d4
ObjectId(5b2162ea31765d2a2ce8bd19),5b201e7a40182d3e18c96f8a,5b213ca82fa0bc25e428a6c4
ObjectId(5b2162e931765d2a2ce8bd17),5b201e7a40182d3e18c96f8a,5b213ca72fa0bc25e428a6c3
ObjectId(5b2162f331765d2a2ce8bd25),5b201e7c40182d3e18c96f8b,5b213cb42fa0bc25e428a6d7
ObjectId(5b2162f231765d2a2ce8bd23),5b201e7c40182d3e18c96f8b,5b213cb22fa0bc25e428a6d4
ObjectId(5b2162f131765d2a2ce8bd21),5b201e7c40182d3e18c96f8b,5b213ca82fa0bc25e428a6c4
ObjectId(5b2162ef31765d2a2ce8bd1f),5b201e7c40182d3e18c96f8b,5b213ca72fa0bc25e428a6c3
ObjectId(5b2162f731765d2a2ce8bd28),5b201e8040182d3e18c96f8d,5b213cb42fa0bc25e428a6d7
ObjectId(5b2162f531765d2a2ce8bd27),5b201e8040182d3e18c96f8d,5b213ca82fa0bc25e428a6c5
ObjectId(5b2162fb31765d2a2ce8bd2e),5b201e8240182d3e18c96f8e,5b213cb22fa0bc25e428a6d4
ObjectId(5b2162f931765d2a2ce8bd2c),5b201e8240182d3e18c96f8e,5b213ca82fa0bc25e428a6c4
ObjectId(5b2162f831765d2a2ce8bd2a),5b201e8240182d3e18c96f8e,5b213ca72fa0bc25e428a6c3
ObjectId(5b2162fe31765d2a2ce8bd32),5b201e8840182d3e18c96f8f,5b213caa2fa0bc25e428a6c8
ObjectId(5b21630031765d2a2ce8bd34),5b201e8840182d3e18c96f8f,5b213caa2fa0bc25e428a6c7
ObjectId(5b2162fd31765d2a2ce8bd30),5b201e8840182d3e18c96f8f,5b213ca72fa0bc25e428a6c3
ObjectId(5b21630231765d2a2ce8bd38),5b201e8b40182d3e18c96f90,5b213caa2fa0bc25e428a6c8
ObjectId(5b21630531765d2a2ce8bd3a),5b201e8b40182d3e18c96f90,5b213caa2fa0bc25e428a6c7
ObjectId(5b21630131765d2a2ce8bd36),5b201e8b40182d3e18c96f90,5b213ca72fa0bc25e428a6c3
ObjectId(5b21630931765d2a2ce8bd40),5b201e8f40182d3e18c96f92,5b213cb52fa0bc25e428a6d9
ObjectId(5b21630e31765d2a2ce8bd46),5b201e8f40182d3e18c96f92,5b213cb42fa0bc25e428a6d8
ObjectId(5b21630c31765d2a2ce8bd44),5b201e8f40182d3e18c96f92,5b213cb02fa0bc25e428a6d2
ObjectId(5b21630a31765d2a2ce8bd42),5b201e8f40182d3e18c96f92,5b213cac2fa0bc25e428a6cb
ObjectId(5b21630f31765d2a2ce8bd47),5b201e8f40182d3e18c96f92,5b213cab2fa0bc25e428a6c9
ObjectId(5b21630731765d2a2ce8bd3e),5b201e8f40182d3e18c96f92,5b213ca92fa0bc25e428a6c6
ObjectId(5b21630631765d2a2ce8bd3c),5b201e8f40182d3e18c96f92,5b213ca72fa0bc25e428a6c3
ObjectId(5b21631631765d2a2ce8bd4f),5b201e9240182d3e18c96f94,5b213cb42fa0bc25e428a6d8
ObjectId(5b21631231765d2a2ce8bd4b),5b201e9240182d3e18c96f94,5b213cb22fa0bc25e428a6d4
ObjectId(5b21631431765d2a2ce8bd4d),5b201e9240182d3e18c96f94,5b213caa2fa0bc25e428a6c8
ObjectId(5b21631131765d2a2ce8bd49),5b201e9240182d3e18c96f94,5b213ca72fa0bc25e428a6c3
ObjectId(5b21631c31765d2a2ce8bd57),5b201e9340182d3e18c96f95,5b213cb42fa0bc25e428a6d8
ObjectId(5b21631d31765d2a2ce8bd59),5b201e9340182d3e18c96f95,5b213cab2fa0bc25e428a6c9
ObjectId(5b21631a31765d2a2ce8bd55),5b201e9340182d3e18c96f95,5b213ca82fa0bc25e428a6c5
ObjectId(5b21631831765d2a2ce8bd53),5b201e9340182d3e18c96f95,5b213ca82fa0bc25e428a6c4
ObjectId(5b21631731765d2a2ce8bd51),5b201e9340182d3e18c96f95,5b213ca72fa0bc25e428a6c3
ObjectId(5b21632031765d2a2ce8bd5d),5b201e9740182d3e18c96f97,5b213caa2fa0bc25e428a6c8
ObjectId(5b21631f31765d2a2ce8bd5b),5b201e9740182d3e18c96f97,5b213ca82fa0bc25e428a6c5
ObjectId(5b21632431765d2a2ce8bd61),5b201e9940182d3e18c96f98,5b213cad2fa0bc25e428a6cd
ObjectId(5b21632531765d2a2ce8bd63),5b201e9940182d3e18c96f98,5b213caa2fa0bc25e428a6c8
ObjectId(5b21632231765d2a2ce8bd5f),5b201e9940182d3e18c96f98,5b213ca72fa0bc25e428a6c3
ObjectId(5b21632a31765d2a2ce8bd68),5b201e9b40182d3e18c96f99,5b213cb42fa0bc25e428a6d8
ObjectId(5b21632b31765d2a2ce8bd6a),5b201e9b40182d3e18c96f99,5b213cb32fa0bc25e428a6d6
ObjectId(5b21632831765d2a2ce8bd67),5b201e9b40182d3e18c96f99,5b213ca92fa0bc25e428a6c6
ObjectId(5b21632631765d2a2ce8bd65),5b201e9b40182d3e18c96f99,5b213ca82fa0bc25e428a6c5
ObjectId(5b21632f31765d2a2ce8bd70),5b201e9e40182d3e18c96f9a,5b213cb42fa0bc25e428a6d8
ObjectId(5b21633231765d2a2ce8bd72),5b201e9e40182d3e18c96f9a,5b213cb32fa0bc25e428a6d6
ObjectId(5b21632e31765d2a2ce8bd6e),5b201e9e40182d3e18c96f9a,5b213ca92fa0bc25e428a6c6
ObjectId(5b21632d31765d2a2ce8bd6c),5b201e9e40182d3e18c96f9a,5b213ca82fa0bc25e428a6c5
ObjectId(5b21633631765d2a2ce8bd78),5b201ea240182d3e18c96f9c,5b213cb42fa0bc25e428a6d7
ObjectId(5b21633531765d2a2ce8bd76),5b201ea240182d3e18c96f9c,5b213cb22fa0bc25e428a6d4
ObjectId(5b21633331765d2a2ce8bd74),5b201ea240182d3e18c96f9c,5b213ca82fa0bc25e428a6c5
ObjectId(5b21633731765d2a2ce8bd7a),5b201ea440182d3e18c96f9d,5b213cb02fa0bc25e428a6d2
ObjectId(5b21633931765d2a2ce8bd7c),5b201ea440182d3e18c96f9d,5b213cab2fa0bc25e428a6ca
ObjectId(5b21634131765d2a2ce8bd85),5b201e3f40182d3e18c96f6d,5b213cb42fa0bc25e428a6d8
ObjectId(5b21633f31765d2a2ce8bd83),5b201e3f40182d3e18c96f6d,5b213cb22fa0bc25e428a6d4
ObjectId(5b21634231765d2a2ce8bd87),5b201e3f40182d3e18c96f6d,5b213cb12fa0bc25e428a6d3
ObjectId(5b21633d31765d2a2ce8bd81),5b201e3f40182d3e18c96f6d,5b213ca82fa0bc25e428a6c5
ObjectId(5b21633c31765d2a2ce8bd7f),5b201e3f40182d3e18c96f6d,5b213ca82fa0bc25e428a6c4
ObjectId(5b21633b31765d2a2ce8bd7e),5b201e3f40182d3e18c96f6d,5b213ca72fa0bc25e428a6c3
ObjectId(5b21634a31765d2a2ce8bd91),5b201e3340182d3e18c96f64,5b213cb42fa0bc25e428a6d8
ObjectId(5b21634931765d2a2ce8bd8f),5b201e3340182d3e18c96f64,5b213cb22fa0bc25e428a6d4
ObjectId(5b21634c31765d2a2ce8bd93),5b201e3340182d3e18c96f64,5b213cb12fa0bc25e428a6d3
ObjectId(5b21634731765d2a2ce8bd8d),5b201e3340182d3e18c96f64,5b213ca82fa0bc25e428a6c5
ObjectId(5b21634531765d2a2ce8bd8b),5b201e3340182d3e18c96f64,5b213ca82fa0bc25e428a6c4
ObjectId(5b21634431765d2a2ce8bd89),5b201e3340182d3e18c96f64,5b213ca72fa0bc25e428a6c3
ObjectId(5b21635431765d2a2ce8bd9c),5b201e3540182d3e18c96f65,5b213cb42fa0bc25e428a6d8
ObjectId(5b21635231765d2a2ce8bd9a),5b201e3540182d3e18c96f65,5b213cb22fa0bc25e428a6d4
ObjectId(5b21635531765d2a2ce8bd9e),5b201e3540182d3e18c96f65,5b213cb12fa0bc25e428a6d3
ObjectId(5b21635131765d2a2ce8bd99),5b201e3540182d3e18c96f65,5b213ca82fa0bc25e428a6c5
ObjectId(5b21634e31765d2a2ce8bd97),5b201e3540182d3e18c96f65,5b213ca82fa0bc25e428a6c4
ObjectId(5b21634d31765d2a2ce8bd95),5b201e3540182d3e18c96f65,5b213ca72fa0bc25e428a6c3
ObjectId(5b21635d31765d2a2ce8bda8),5b201e3640182d3e18c96f66,5b213cb42fa0bc25e428a6d8
ObjectId(5b21635c31765d2a2ce8bda6),5b201e3640182d3e18c96f66,5b213cb22fa0bc25e428a6d4
ObjectId(5b21635f31765d2a2ce8bdaa),5b201e3640182d3e18c96f66,5b213cb12fa0bc25e428a6d3
ObjectId(5b21635a31765d2a2ce8bda4),5b201e3640182d3e18c96f66,5b213ca82fa0bc25e428a6c5
ObjectId(5b21635931765d2a2ce8bda2),5b201e3640182d3e18c96f66,5b213ca82fa0bc25e428a6c4
ObjectId(5b21635731765d2a2ce8bda0),5b201e3640182d3e18c96f66,5b213ca72fa0bc25e428a6c3
ObjectId(5b21636731765d2a2ce8bdb4),5b201e3740182d3e18c96f67,5b213cb42fa0bc25e428a6d8
ObjectId(5b21636431765d2a2ce8bdb2),5b201e3740182d3e18c96f67,5b213cb22fa0bc25e428a6d4
ObjectId(5b21636831765d2a2ce8bdb5),5b201e3740182d3e18c96f67,5b213cb12fa0bc25e428a6d3
ObjectId(5b21636331765d2a2ce8bdb0),5b201e3740182d3e18c96f67,5b213ca82fa0bc25e428a6c5
ObjectId(5b21636231765d2a2ce8bdae),5b201e3740182d3e18c96f67,5b213ca82fa0bc25e428a6c4
ObjectId(5b21636031765d2a2ce8bdac),5b201e3740182d3e18c96f67,5b213ca72fa0bc25e428a6c3
ObjectId(5b21637031765d2a2ce8bdbf),5b201e3840182d3e18c96f68,5b213cb42fa0bc25e428a6d8
ObjectId(5b21636e31765d2a2ce8bdbd),5b201e3840182d3e18c96f68,5b213cb22fa0bc25e428a6d4
ObjectId(5b21637131765d2a2ce8bdc1),5b201e3840182d3e18c96f68,5b213cb12fa0bc25e428a6d3
ObjectId(5b21636c31765d2a2ce8bdbb),5b201e3840182d3e18c96f68,5b213ca82fa0bc25e428a6c5
ObjectId(5b21636b31765d2a2ce8bdb9),5b201e3840182d3e18c96f68,5b213ca82fa0bc25e428a6c4
ObjectId(5b21636a31765d2a2ce8bdb7),5b201e3840182d3e18c96f68,5b213ca72fa0bc25e428a6c3
ObjectId(5b21637931765d2a2ce8bdcb),5b201e3a40182d3e18c96f69,5b213cb42fa0bc25e428a6d8
ObjectId(5b21637831765d2a2ce8bdc9),5b201e3a40182d3e18c96f69,5b213cb22fa0bc25e428a6d4
ObjectId(5b21637a31765d2a2ce8bdcd),5b201e3a40182d3e18c96f69,5b213cb12fa0bc25e428a6d3
ObjectId(5b21637631765d2a2ce8bdc7),5b201e3a40182d3e18c96f69,5b213ca82fa0bc25e428a6c5
ObjectId(5b21637431765d2a2ce8bdc5),5b201e3a40182d3e18c96f69,5b213ca82fa0bc25e428a6c4
ObjectId(5b21637231765d2a2ce8bdc3),5b201e3a40182d3e18c96f69,5b213ca72fa0bc25e428a6c3
ObjectId(5b21638231765d2a2ce8bdd6),5b201e3c40182d3e18c96f6a,5b213cb42fa0bc25e428a6d8
ObjectId(5b21638131765d2a2ce8bdd4),5b201e3c40182d3e18c96f6a,5b213cb22fa0bc25e428a6d4
ObjectId(5b21638331765d2a2ce8bdd8),5b201e3c40182d3e18c96f6a,5b213cb12fa0bc25e428a6d3
ObjectId(5b21637f31765d2a2ce8bdd2),5b201e3c40182d3e18c96f6a,5b213ca82fa0bc25e428a6c5
ObjectId(5b21637e31765d2a2ce8bdd0),5b201e3c40182d3e18c96f6a,5b213ca82fa0bc25e428a6c4
ObjectId(5b21637c31765d2a2ce8bdce),5b201e3c40182d3e18c96f6a,5b213ca72fa0bc25e428a6c3
ObjectId(5b21638b31765d2a2ce8bde1),5b201e3d40182d3e18c96f6b,5b213cb42fa0bc25e428a6d8
ObjectId(5b21638931765d2a2ce8bde0),5b201e3d40182d3e18c96f6b,5b213cb22fa0bc25e428a6d4
ObjectId(5b21638d31765d2a2ce8bde3),5b201e3d40182d3e18c96f6b,5b213cb12fa0bc25e428a6d3
ObjectId(5b21638831765d2a2ce8bdde),5b201e3d40182d3e18c96f6b,5b213ca82fa0bc25e428a6c5
ObjectId(5b21638731765d2a2ce8bddc),5b201e3d40182d3e18c96f6b,5b213ca82fa0bc25e428a6c4
ObjectId(5b21638631765d2a2ce8bdda),5b201e3d40182d3e18c96f6b,5b213ca72fa0bc25e428a6c3
ObjectId(5b21639531765d2a2ce8bded),5b201e3e40182d3e18c96f6c,5b213cb42fa0bc25e428a6d8
ObjectId(5b21639331765d2a2ce8bdeb),5b201e3e40182d3e18c96f6c,5b213cb22fa0bc25e428a6d4
ObjectId(5b21639631765d2a2ce8bdef),5b201e3e40182d3e18c96f6c,5b213cb12fa0bc25e428a6d3
ObjectId(5b21639131765d2a2ce8bde9),5b201e3e40182d3e18c96f6c,5b213ca82fa0bc25e428a6c5
ObjectId(5b21639031765d2a2ce8bde7),5b201e3e40182d3e18c96f6c,5b213ca82fa0bc25e428a6c4
ObjectId(5b21638f31765d2a2ce8bde5),5b201e3e40182d3e18c96f6c,5b213ca72fa0bc25e428a6c3
ObjectId(5b21639e31765d2a2ce8bdf9),5b201e2f40182d3e18c96f61,5b213cb42fa0bc25e428a6d8
ObjectId(5b21639d31765d2a2ce8bdf7),5b201e2f40182d3e18c96f61,5b213cb22fa0bc25e428a6d4
ObjectId(5b21639f31765d2a2ce8bdfa),5b201e2f40182d3e18c96f61,5b213cb12fa0bc25e428a6d3
ObjectId(5b21639b31765d2a2ce8bdf5),5b201e2f40182d3e18c96f61,5b213ca82fa0bc25e428a6c5
ObjectId(5b21639931765d2a2ce8bdf3),5b201e2f40182d3e18c96f61,5b213ca82fa0bc25e428a6c4
ObjectId(5b21639831765d2a2ce8bdf1),5b201e2f40182d3e18c96f61,5b213ca72fa0bc25e428a6c3
ObjectId(5b2163a731765d2a2ce8be04),5b201e3040182d3e18c96f62,5b213cb42fa0bc25e428a6d8
ObjectId(5b2163a631765d2a2ce8be02),5b201e3040182d3e18c96f62,5b213cb22fa0bc25e428a6d4
ObjectId(5b2163a831765d2a2ce8be06),5b201e3040182d3e18c96f62,5b213cb12fa0bc25e428a6d3
ObjectId(5b2163a431765d2a2ce8be00),5b201e3040182d3e18c96f62,5b213ca82fa0bc25e428a6c5
ObjectId(5b2163a331765d2a2ce8bdfe),5b201e3040182d3e18c96f62,5b213ca82fa0bc25e428a6c4
ObjectId(5b2163a131765d2a2ce8bdfc),5b201e3040182d3e18c96f62,5b213ca72fa0bc25e428a6c3
ObjectId(5b2163af31765d2a2ce8be0f),5b201e3140182d3e18c96f63,5b213cb42fa0bc25e428a6d8
ObjectId(5b2163ae31765d2a2ce8be0e),5b201e3140182d3e18c96f63,5b213cb22fa0bc25e428a6d4
ObjectId(5b2163b131765d2a2ce8be11),5b201e3140182d3e18c96f63,5b213cb12fa0bc25e428a6d3
ObjectId(5b2163ad31765d2a2ce8be0c),5b201e3140182d3e18c96f63,5b213ca82fa0bc25e428a6c5
ObjectId(5b2163aa31765d2a2ce8be0a),5b201e3140182d3e18c96f63,5b213ca82fa0bc25e428a6c4
ObjectId(5b2163a931765d2a2ce8be08),5b201e3140182d3e18c96f63,5b213ca72fa0bc25e428a6c3
ObjectId(5b2163b231765d2a2ce8be13),5b201d6840182d3e18c96ed6,5b213cb42fa0bc25e428a6d7
ObjectId(5b2163b431765d2a2ce8be15),5b201d6840182d3e18c96ed6,5b213cad2fa0bc25e428a6cd
ObjectId(5b2163b731765d2a2ce8be19),5b201d7440182d3e18c96edf,5b213cb32fa0bc25e428a6d5
ObjectId(5b2163b831765d2a2ce8be1b),5b201d7440182d3e18c96edf,5b213caa2fa0bc25e428a6c8
ObjectId(5b2163ba31765d2a2ce8be1d),5b201d7440182d3e18c96edf,5b213caa2fa0bc25e428a6c7
ObjectId(5b2163b631765d2a2ce8be17),5b201d7440182d3e18c96edf,5b213ca72fa0bc25e428a6c3
ObjectId(5b2163bd31765d2a2ce8be21),5b201d6e40182d3e18c96edb,5b213cb52fa0bc25e428a6d9
ObjectId(5b2163c431765d2a2ce8be25),5b201d6e40182d3e18c96edb,5b213cb42fa0bc25e428a6d8
ObjectId(5b2163c131765d2a2ce8be23),5b201d6e40182d3e18c96edb,5b213cac2fa0bc25e428a6cb
ObjectId(5b2163c531765d2a2ce8be27),5b201d6e40182d3e18c96edb,5b213cab2fa0bc25e428a6c9
ObjectId(5b2163bc31765d2a2ce8be1f),5b201d6e40182d3e18c96edb,5b213ca72fa0bc25e428a6c3
ObjectId(5b2163cc31765d2a2ce8be2e),5b201d7a40182d3e18c96ee4,5b213cb42fa0bc25e428a6d8
ObjectId(5b2163c931765d2a2ce8be2c),5b201d7a40182d3e18c96ee4,5b213cad2fa0bc25e428a6cd
ObjectId(5b2163c831765d2a2ce8be2b),5b201d7a40182d3e18c96ee4,5b213ca82fa0bc25e428a6c5
ObjectId(5b2163c731765d2a2ce8be29),5b201d7a40182d3e18c96ee4,5b213ca72fa0bc25e428a6c3
ObjectId(5b2163d231765d2a2ce8be36),5b201d7c40182d3e18c96ee5,5b213cb42fa0bc25e428a6d8
ObjectId(5b2163d031765d2a2ce8be34),5b201d7c40182d3e18c96ee5,5b213cad2fa0bc25e428a6cd
ObjectId(5b2163ce31765d2a2ce8be32),5b201d7c40182d3e18c96ee5,5b213ca82fa0bc25e428a6c5
ObjectId(5b2163cd31765d2a2ce8be30),5b201d7c40182d3e18c96ee5,5b213ca72fa0bc25e428a6c3
ObjectId(5b2163d631765d2a2ce8be3c),5b201d7e40182d3e18c96ee7,5b213cb42fa0bc25e428a6d8
ObjectId(5b2163d531765d2a2ce8be3a),5b201d7e40182d3e18c96ee7,5b213cb22fa0bc25e428a6d4
ObjectId(5b2163d731765d2a2ce8be3e),5b201d7e40182d3e18c96ee7,5b213cab2fa0bc25e428a6c9
ObjectId(5b2163d331765d2a2ce8be38),5b201d7e40182d3e18c96ee7,5b213ca72fa0bc25e428a6c3
ObjectId(5b2163dd31765d2a2ce8be43),5b201dac40182d3e18c96f07,5b213cb42fa0bc25e428a6d8
ObjectId(5b2163de31765d2a2ce8be45),5b201dac40182d3e18c96f07,5b213cb32fa0bc25e428a6d6
ObjectId(5b2163db31765d2a2ce8be41),5b201dac40182d3e18c96f07,5b213cad2fa0bc25e428a6cd
ObjectId(5b2163da31765d2a2ce8be40),5b201dac40182d3e18c96f07,5b213ca82fa0bc25e428a6c5
ObjectId(5b2163e331765d2a2ce8be4b),5b201da640182d3e18c96f03,5b213cb42fa0bc25e428a6d7
ObjectId(5b2163e231765d2a2ce8be49),5b201da640182d3e18c96f03,5b213cb32fa0bc25e428a6d5
ObjectId(5b2163e531765d2a2ce8be4d),5b201da640182d3e18c96f03,5b213cad2fa0bc25e428a6cd
ObjectId(5b2163e631765d2a2ce8be4f),5b201da640182d3e18c96f03,5b213caa2fa0bc25e428a6c8
ObjectId(5b2163e031765d2a2ce8be47),5b201da640182d3e18c96f03,5b213ca82fa0bc25e428a6c5
ObjectId(5b2163ec31765d2a2ce8be56),5b201ea040182d3e18c96f9b,5b213cb42fa0bc25e428a6d8
ObjectId(5b2163eb31765d2a2ce8be54),5b201ea040182d3e18c96f9b,5b213cb22fa0bc25e428a6d4
ObjectId(5b2163ea31765d2a2ce8be53),5b201ea040182d3e18c96f9b,5b213ca82fa0bc25e428a6c5
ObjectId(5b2163e731765d2a2ce8be51),5b201ea040182d3e18c96f9b,5b213ca72fa0bc25e428a6c3
ObjectId(5b2163ef31765d2a2ce8be5a),5b201de540182d3e18c96f30,5b213cb32fa0bc25e428a6d5
ObjectId(5b2163f131765d2a2ce8be5c),5b201de540182d3e18c96f30,5b213caa2fa0bc25e428a6c8
ObjectId(5b2163f331765d2a2ce8be5e),5b201de540182d3e18c96f30,5b213caa2fa0bc25e428a6c7
ObjectId(5b2163ee31765d2a2ce8be58),5b201de540182d3e18c96f30,5b213ca72fa0bc25e428a6c3
ObjectId(5b2163f931765d2a2ce8be65),5b201d7940182d3e18c96ee3,5b213cad2fa0bc25e428a6cd
ObjectId(5b2163fa31765d2a2ce8be67),5b201d7940182d3e18c96ee3,5b213cab2fa0bc25e428a6c9
ObjectId(5b2163f731765d2a2ce8be64),5b201d7940182d3e18c96ee3,5b213ca92fa0bc25e428a6c6
ObjectId(5b2163f531765d2a2ce8be62),5b201d7940182d3e18c96ee3,5b213ca82fa0bc25e428a6c5
ObjectId(5b2163f431765d2a2ce8be60),5b201d7940182d3e18c96ee3,5b213ca72fa0bc25e428a6c3
ObjectId(5b2163fd31765d2a2ce8be6b),5b201de840182d3e18c96f32,5b213cad2fa0bc25e428a6cd
ObjectId(5b2163fc31765d2a2ce8be69),5b201de840182d3e18c96f32,5b213ca92fa0bc25e428a6c6
ObjectId(5b21640331765d2a2ce8be73),5b201e0d40182d3e18c96f4c,5b213cb42fa0bc25e428a6d8
ObjectId(5b21640231765d2a2ce8be71),5b201e0d40182d3e18c96f4c,5b213cb22fa0bc25e428a6d4
ObjectId(5b21640131765d2a2ce8be6f),5b201e0d40182d3e18c96f4c,5b213ca82fa0bc25e428a6c4
ObjectId(5b2163fe31765d2a2ce8be6d),5b201e0d40182d3e18c96f4c,5b213ca72fa0bc25e428a6c3
ObjectId(5b21640731765d2a2ce8be77),5b201d7640182d3e18c96ee1,5b213cb42fa0bc25e428a6d8
ObjectId(5b21640931765d2a2ce8be79),5b201d7640182d3e18c96ee1,5b213caf2fa0bc25e428a6d0
ObjectId(5b21640531765d2a2ce8be75),5b201d7640182d3e18c96ee1,5b213ca82fa0bc25e428a6c5
ObjectId(5b21641131765d2a2ce8be82),5b201db740182d3e18c96f10,5b213cb62fa0bc25e428a6da
ObjectId(5b21641231765d2a2ce8be84),5b201db740182d3e18c96f10,5b213cb42fa0bc25e428a6d8
ObjectId(5b21640f31765d2a2ce8be80),5b201db740182d3e18c96f10,5b213cb22fa0bc25e428a6d4
ObjectId(5b21641431765d2a2ce8be86),5b201db740182d3e18c96f10,5b213cb12fa0bc25e428a6d3
ObjectId(5b21640d31765d2a2ce8be7f),5b201db740182d3e18c96f10,5b213ca82fa0bc25e428a6c5
ObjectId(5b21640b31765d2a2ce8be7d),5b201db740182d3e18c96f10,5b213ca82fa0bc25e428a6c4
ObjectId(5b21640a31765d2a2ce8be7b),5b201db740182d3e18c96f10,5b213ca72fa0bc25e428a6c3
ObjectId(5b21641931765d2a2ce8be8c),5b201dc940182d3e18c96f1c,5b213cb22fa0bc25e428a6d4
ObjectId(5b21641a31765d2a2ce8be8e),5b201dc940182d3e18c96f1c,5b213cae2fa0bc25e428a6ce
ObjectId(5b21641b31765d2a2ce8be90),5b201dc940182d3e18c96f1c,5b213cab2fa0bc25e428a6c9
ObjectId(5b21641731765d2a2ce8be8a),5b201dc940182d3e18c96f1c,5b213ca92fa0bc25e428a6c6
ObjectId(5b21641531765d2a2ce8be88),5b201dc940182d3e18c96f1c,5b213ca72fa0bc25e428a6c3
ObjectId(5b21642131765d2a2ce8be96),5b201dca40182d3e18c96f1d,5b213cb22fa0bc25e428a6d4
ObjectId(5b21642231765d2a2ce8be98),5b201dca40182d3e18c96f1d,5b213cae2fa0bc25e428a6ce
ObjectId(5b21642331765d2a2ce8be9a),5b201dca40182d3e18c96f1d,5b213cab2fa0bc25e428a6c9
ObjectId(5b21641f31765d2a2ce8be94),5b201dca40182d3e18c96f1d,5b213ca92fa0bc25e428a6c6
ObjectId(5b21641d31765d2a2ce8be92),5b201dca40182d3e18c96f1d,5b213ca72fa0bc25e428a6c3
ObjectId(5b21642831765d2a2ce8be9f),5b201dcc40182d3e18c96f1e,5b213cb22fa0bc25e428a6d4
ObjectId(5b21642a31765d2a2ce8bea1),5b201dcc40182d3e18c96f1e,5b213cae2fa0bc25e428a6ce
ObjectId(5b21642b31765d2a2ce8bea3),5b201dcc40182d3e18c96f1e,5b213cab2fa0bc25e428a6c9
ObjectId(5b21642731765d2a2ce8be9d),5b201dcc40182d3e18c96f1e,5b213ca92fa0bc25e428a6c6
ObjectId(5b21642531765d2a2ce8be9b),5b201dcc40182d3e18c96f1e,5b213ca72fa0bc25e428a6c3
ObjectId(5b21643131765d2a2ce8beab),5b201dcf40182d3e18c96f20,5b213cb32fa0bc25e428a6d6
ObjectId(5b21643031765d2a2ce8bea9),5b201dcf40182d3e18c96f20,5b213caf2fa0bc25e428a6d0
ObjectId(5b21642f31765d2a2ce8bea7),5b201dcf40182d3e18c96f20,5b213cad2fa0bc25e428a6cd
ObjectId(5b21642c31765d2a2ce8bea5),5b201dcf40182d3e18c96f20,5b213ca82fa0bc25e428a6c5
ObjectId(5b21643831765d2a2ce8beb2),5b201deb40182d3e18c96f34,5b213cb22fa0bc25e428a6d4
ObjectId(5b21643731765d2a2ce8beb0),5b201deb40182d3e18c96f34,5b213ca92fa0bc25e428a6c6
ObjectId(5b21643431765d2a2ce8beae),5b201deb40182d3e18c96f34,5b213ca82fa0bc25e428a6c5
ObjectId(5b21643331765d2a2ce8beac),5b201deb40182d3e18c96f34,5b213ca82fa0bc25e428a6c4
ObjectId(5b21643e31765d2a2ce8beba),5b201dec40182d3e18c96f35,5b213cb22fa0bc25e428a6d4
ObjectId(5b21643c31765d2a2ce8beb8),5b201dec40182d3e18c96f35,5b213ca92fa0bc25e428a6c6
ObjectId(5b21643a31765d2a2ce8beb6),5b201dec40182d3e18c96f35,5b213ca82fa0bc25e428a6c5
ObjectId(5b21643931765d2a2ce8beb4),5b201dec40182d3e18c96f35,5b213ca82fa0bc25e428a6c4
ObjectId(5b21644431765d2a2ce8bec2),5b201ded40182d3e18c96f36,5b213cb22fa0bc25e428a6d4
ObjectId(5b21644231765d2a2ce8bec0),5b201ded40182d3e18c96f36,5b213ca92fa0bc25e428a6c6
ObjectId(5b21644131765d2a2ce8bebe),5b201ded40182d3e18c96f36,5b213ca82fa0bc25e428a6c5
ObjectId(5b21644031765d2a2ce8bebc),5b201ded40182d3e18c96f36,5b213ca82fa0bc25e428a6c4
ObjectId(5b21644a31765d2a2ce8bec9),5b201def40182d3e18c96f37,5b213cb22fa0bc25e428a6d4
ObjectId(5b21644931765d2a2ce8bec7),5b201def40182d3e18c96f37,5b213ca92fa0bc25e428a6c6
ObjectId(5b21644731765d2a2ce8bec5),5b201def40182d3e18c96f37,5b213ca82fa0bc25e428a6c5
ObjectId(5b21644631765d2a2ce8bec3),5b201def40182d3e18c96f37,5b213ca82fa0bc25e428a6c4
ObjectId(5b21645331765d2a2ce8bed5),5b201dbb40182d3e18c96f12,5b213cb42fa0bc25e428a6d8
ObjectId(5b21645231765d2a2ce8bed3),5b201dbb40182d3e18c96f12,5b213cb22fa0bc25e428a6d4
ObjectId(5b21644e31765d2a2ce8becd),5b201dbb40182d3e18c96f12,5b213caa2fa0bc25e428a6c8
ObjectId(5b21645031765d2a2ce8bed1),5b201dbb40182d3e18c96f12,5b213ca82fa0bc25e428a6c5
ObjectId(5b21644f31765d2a2ce8becf),5b201dbb40182d3e18c96f12,5b213ca82fa0bc25e428a6c4
ObjectId(5b21644c31765d2a2ce8becb),5b201dbb40182d3e18c96f12,5b213ca72fa0bc25e428a6c3
ObjectId(5b21645d31765d2a2ce8bee0),5b201dbc40182d3e18c96f13,5b213cb42fa0bc25e428a6d8
ObjectId(5b21645b31765d2a2ce8bede),5b201dbc40182d3e18c96f13,5b213cb22fa0bc25e428a6d4
ObjectId(5b21645731765d2a2ce8bed8),5b201dbc40182d3e18c96f13,5b213caa2fa0bc25e428a6c8
ObjectId(5b21645931765d2a2ce8bedc),5b201dbc40182d3e18c96f13,5b213ca82fa0bc25e428a6c5
ObjectId(5b21645831765d2a2ce8beda),5b201dbc40182d3e18c96f13,5b213ca82fa0bc25e428a6c4
ObjectId(5b21645631765d2a2ce8bed6),5b201dbc40182d3e18c96f13,5b213ca72fa0bc25e428a6c3
ObjectId(5b21646631765d2a2ce8beeb),5b201dbd40182d3e18c96f14,5b213cb42fa0bc25e428a6d8
ObjectId(5b21646531765d2a2ce8bee9),5b201dbd40182d3e18c96f14,5b213cb22fa0bc25e428a6d4
ObjectId(5b21646031765d2a2ce8bee4),5b201dbd40182d3e18c96f14,5b213caa2fa0bc25e428a6c8
ObjectId(5b21646331765d2a2ce8bee7),5b201dbd40182d3e18c96f14,5b213ca82fa0bc25e428a6c5
ObjectId(5b21646131765d2a2ce8bee6),5b201dbd40182d3e18c96f14,5b213ca82fa0bc25e428a6c4
ObjectId(5b21645f31765d2a2ce8bee2),5b201dbd40182d3e18c96f14,5b213ca72fa0bc25e428a6c3
ObjectId(5b21646f31765d2a2ce8bef7),5b201dbe40182d3e18c96f15,5b213cb42fa0bc25e428a6d8
ObjectId(5b21646e31765d2a2ce8bef5),5b201dbe40182d3e18c96f15,5b213cb22fa0bc25e428a6d4
ObjectId(5b21646931765d2a2ce8beef),5b201dbe40182d3e18c96f15,5b213caa2fa0bc25e428a6c8
ObjectId(5b21646d31765d2a2ce8bef3),5b201dbe40182d3e18c96f15,5b213ca82fa0bc25e428a6c5
ObjectId(5b21646a31765d2a2ce8bef1),5b201dbe40182d3e18c96f15,5b213ca82fa0bc25e428a6c4
ObjectId(5b21646831765d2a2ce8beed),5b201dbe40182d3e18c96f15,5b213ca72fa0bc25e428a6c3
ObjectId(5b21647831765d2a2ce8bf02),5b201dc040182d3e18c96f16,5b213cb42fa0bc25e428a6d8
ObjectId(5b21647a31765d2a2ce8bf04),5b201dc040182d3e18c96f16,5b213cb42fa0bc25e428a6d8
ObjectId(5b21647731765d2a2ce8bf00),5b201dc040182d3e18c96f16,5b213cb22fa0bc25e428a6d4
ObjectId(5b21647331765d2a2ce8befa),5b201dc040182d3e18c96f16,5b213caa2fa0bc25e428a6c8
ObjectId(5b21647631765d2a2ce8befe),5b201dc040182d3e18c96f16,5b213ca82fa0bc25e428a6c5
ObjectId(5b21647531765d2a2ce8befc),5b201dc040182d3e18c96f16,5b213ca82fa0bc25e428a6c4
ObjectId(5b21647131765d2a2ce8bef9),5b201dc040182d3e18c96f16,5b213ca72fa0bc25e428a6c3
ObjectId(5b215fb531765d2a2ce8b90c),id_anime,id_genre
